name,description,county,number
Post Office,Post office,Carlow,(059) 913 1783
Post Office,Post office,Carlow,(059) 916 1181
Staplestown Road Post Office,Post office,Carlow,(059) 914 2812
An Post,Post office,Carlow,(059) 915 1256
Hacketstsown Post Office,Post office,Carlow,(059) 647 1101
An Post Myshall,Post office,Carlow,(059) 915 7630
An Post Leighlinbridge,Post office,Carlow,(059) 972 1101
An Post Muine Bheag,Post office,Carlow,(059) 972 1242
An Post Borris,Post office,Carlow,(059) 977 3101
An Post Old Leighlin,Mailing service,Carlow,(059) 972 1123
Hosey's,Post office,Carlow,(059) 913 1562
Post Office,Post office,Cavan,(049) 433 1745
Post Office,Post office,Cavan,(049) 433 1331
Post Office,Post office,Cavan,(049) 433 6753
Post Office,Post office,Cavan,(046) 924 2037
An Post Shercock,Post office,Cavan,(042) 966 9200
An Post Virginia,Post office,Cavan,(049) 854 7000
An Post Kingscourt,Post office,Cavan,(042) 966 7131
Post Office,Post office,Cavan,(071) 985 3001
An Post Ballinagh,Post office,Cavan,(049) 433 7101
Dennings Post Office,Post office,Cavan,(049) 555 3029
An Post Ballyconnell,Post office,Cavan,(049) 952 6201
An Post Ballyjamesduff,Post office,Cavan,(049) 854 4101
An Post Ballyhaise,Post office,Cavan,(049) 433 8101
An Post Mountnugent,Post office,Cavan,(049) 854 0100
An Post Corroneary,Post office,Cavan,(042) 966 0107
An Post Termon,Post office,Cavan,(049) 854 4437
An Post Canningstown,Post office,Cavan,(042) 966 0101
Belturbet Delivery Service Unit An Post,Post office,Cavan,(049) 952 9010
Clarecastle Post Office,Post office,Clare,(065) 682 8680
Post Office,Post office,Clare,(061) 364 744
Post Office,Post office,Clare,(065) 683 8078
An Post Kilrush,Post office,Clare,(065) 905 1076
Post Office,Post office,Clare,(065) 707 6131
Morrisseys Post Office,Post office,Clare,(065) 905 3003
An Post Clonroadmore,Post office,Clare,(065) 682 0606
An Post Ennis,Post office,Clare,(065) 682 1713
An Post Sixmilebridge,Post office,Clare,(061) 369 171
Post Office,Post office,Clare,(065) 708 4001
Lisdoonvarna Post Office,Post office,Clare,(065) 707 4110
An Post Market Street,Post office,Clare,(065) 682 9697
Flagmount Post Office,Post office,Clare,(061) 925 055
An Post Kildysart,Post office,Clare,(065) 683 2101
An Post Ennis Delivery Office,Post office,Clare,(065) 684 4738
An Post Killaloe Post Office,Post office,Clare,(061) 376 111
An Post Labasheeda,Post office,Clare,(065) 683 0128
Feakle Post Office,Post office,Clare,(061) 924 001
Kilmihill Post Office,Post office,Clare,(065) 905 0001
An Post Scarriff,Post office,Clare,(061) 921 001
An Post Dromindoora,Post office,Clare,(061) 925 087
Newmarket on Fergus Post Office,Post office,Clare,(061) 368 189
An Post Doonbeg,Post office,Clare,(065) 905 5001
An Post Ballyvaughan,Post office,Clare,(065) 707 7001
An Post Kilkee,Post office,Clare,(065) 905 6001
An Post Quilty,Post office,Clare,(065) 708 7444
Post Office,Post office,Cork,(027) 74003
Model Farm Road Post Office,Post office,Cork,(021) 454 6111
Post Office,Post office,Cork,(021) 435 3163
An Post,Post office,Cork,(021) 488 9101
An Post Bandon Road,Post office,Cork,(021) 431 6090
An Post North Main St,Post office,Cork,(021) 427 2761
Cork north City dsu Cork,Post office,Cork,(021) 422 7120
An Post Fair Hill,Post office,Cork,(021) 430 5545
An Post Passage West,Post office,Cork,(021) 484 1100
An Post Glounthaune,Post office,Cork,(021) 435 1067
An Post Bishopstown,Post office,Cork,(021) 454 1842
An Post,Post office,Cork,(021) 488 3101
An Post,Post office,Cork,(021) 485 1042
An Post Sunday's Well,Post office,Cork,(021) 430 3854
An Post Douglas,Post office,Cork,(021) 489 4875
Blackpool Post Office,Post office,Cork,(021) 430 7829
An Post Ballinlough,Post office,Cork,(021) 429 4220
Cobh Post Office,Post office,Cork,(021) 481 1334
An Post Farranree,Post office,Cork,(021) 439 3844
An Post Ballintemple,Post office,Cork,(021) 429 4591
An Post Blarney Street,Post office,Cork,(021) 430 4687
An Post Mahon,Post office,Cork,(021) 435 8255
Kearneys Post Office,Post office,Cork,(064) 775 1110
An Post South Douglas Road,Post office,Cork,(021) 436 4773
An Post Ballincollig,Post office,Cork,(021) 487 1111
Dunmanway Post Office,Post office,Cork,(023) 884 5227
An Post,Post office,Cork,(021) 496 4232
Knocknaheeney Post Office,Post office,Cork,(021) 439 5236
An Post Mayfield Post Office,Post office,Cork,(021) 450 1006
An Post Glanmire,Post office,Cork,(021) 482 1085
Boherbue Post Office,Post office,Cork,(029) 76001
Kilbarry Post Office,Post office,Cork,(026) 49018
An Post Ladysbridge,Post office,Cork,(021) 466 7137
Ballinspittle Post Office,Post office,Cork,(021) 477 8210
Post Office,Post office,Cork,(022) 23663
An Post Rathcormac,Post office,Cork,(025) 36146
An Post McCurtain Street,Post office,Cork,(021) 450 2867
Ballydaheen PostOffice,Post office,Cork,(022) 21158
An Post Killeagh,Post office,Cork,(024) 95069
An Post Upper Aghada,Post office,Cork,(021) 466 1373
An Post Crookstown,Post office,Cork,(021) 733 6001
An Post Kildorrery,Post office,Cork,(022) 25161
Midleton Post Office,Post office,Cork,(021) 463 3621
An Post Blarney,Post office,Cork,(021) 438 5440
Cobh Post Office,Post office,Cork,(021) 481 3624
An Post Rylane,Post office,Cork,(021) 733 9001
An Post Innishannon,Post office,Cork,(021) 477 5301
Mallow Post Office,Post office,Cork,(022) 22576
An Post Drimoleague,Post office,Cork,(028) 31110
Post Office,Post office,Cork,(026) 46034
Kinsale Post Office,Post office,Cork,(021) 477 2246
An Post Castlemartyr,Post office,Cork,(021) 466 7111
An Post Newmarket,Post office,Cork,(029) 60001
An Post Millstreet,Post office,Cork,(029) 70001
An Post Grenagh,Post office,Cork,(021) 488 6105
An Post Inchigeela,Post office,Cork,(026) 49001
An Post Enniskeane,Post office,Cork,(023) 884 7176
Post Office,Post office,Cork,(027) 67001
Kealkil Post Office (An Post),Post office,Cork,(027) 66001
An Post Lombardstown,Post office,Cork,(022) 47161
Morgans Shop/An Post Togher,Post office,Cork,(021) 496 1891
An Post Belgooly,Post office,Cork,(021) 477 0845
An Post Gurranabraher,Post office,Cork,(021) 430 2930
An Post Bandon Post Office,Post office,Cork,(023) 884 1554
An Post Delivery Office,Post office,Cork,(021) 487 7601
An Post Youghal,Post office,Cork,(024) 92161
An Post Kilbrittain,Post office,Cork,(023) 884 9646
An Post Castletownroche,Post office,Cork,(022) 26112
Castletownbere Post Office,Post office,Cork,(027) 70001
An Post Mitchelstown,Post office,Cork,(025) 24047
An Post Clondrohid,Post office,Cork,(026) 41233
An Post Ballydehob,Post office,Cork,(028) 37110
An Post Macroom,Post office,Cork,(026) 41075
An Post Cloghroe,Post office,Cork,(021) 438 5162
An Post Timoleague,Post office,Cork,(023) 884 6117
An Post Durrus,Post office,Cork,(027) 61001
An Post Schull,Post office,Cork,(028) 28110
An Post Bantry,Post office,Cork,(027) 50050
An Post Togher,Post office,Cork,(021) 496 9480
An Post Kanturk,Post office,Cork,(029) 50001
Ballinadee Postal Agency,Post office,Cork,(021) 477 8277
An Post DSU,Post office,Cork,(023) 884 1414
An Post Eyeries,Post office,Cork,(027) 74001
Maurice Healy's Newsagents / an post,Post office,Cork,(021) 487 0659
Post Office,Post office,Cork,(064) 776 1597
An Post,Post office,Donegal,(074) 972 1024
Glencar Post Office,Post office,Donegal,(074) 912 9344
An Post Carrick,Post office,Donegal,(074) 973 9001
An Post Raphoe (Raphoe Post Office),Post office,Donegal,(074) 917 3882
An Post Breenagh,Post office,Donegal,(074) 912 1249
Clonmany Post Office,Post office,Donegal,(074) 937 6152
Post Office Depot LetterKenny,Post office,Donegal,(074) 912 2287
An Post Bridge End,Post office,Donegal,(074) 936 8228
An Post Ramelton,Post office,Donegal,(074) 915 1001
Cloghore Post Office,Post office,Donegal,(071) 985 1311
An Post Muff,Post office,Donegal,(074) 938 4489
Redcastle Post Office,Post office,Donegal,(074) 938 2176
An Post Carndonagh Post Office,Post office,Donegal,(074) 937 4101
An Post Newtowncunningham,Post office,Donegal,(074) 915 6886
An Post Pettigo,Post office,Donegal,(071) 986 1511
An Post Ballyshannon,Post office,Donegal,(071) 985 1111
An Post An Cloch√°n Liath,Post office,Donegal,(074) 952 1067
An Post Mountcharles,Post office,Donegal,(074) 973 5001
An Post Bundoran,Post office,Donegal,(071) 984 1224
An Post Killybegs,Post office,Donegal,(074) 973 1060
An Post Kilcar,Post office,Donegal,(074) 973 8001
An Post Ballybofey,Post office,Donegal,(074) 913 1001
An Post Greencastle,Post office,Donegal,(074) 938 1001
An Post Convoy,Post office,Donegal,(074) 914 7112
An Post Malin Head,Post office,Donegal,(074) 937 0112
An Post Glenties,Post office,Donegal,(074) 955 1101
An Post Portnoo,Post office,Donegal,(074) 954 5113
An Post Kerrykeel,Post office,Donegal,(074) 915 0001
An Post Rathmullan,Post office,Donegal,(074) 915 8131
An Post Castlefin,Post office,Donegal,(074) 914 6110
An Post Glencolumbkille,Post office,Donegal,(074) 973 0001
An Post Carraig Airt,Post office,Donegal,(074) 915 5101
An Post Speenogue,Post office,Donegal,(074) 936 8166
An Post An F√°l Carrach,Post office,Donegal,(074) 913 5110
An Post Milford,Post office,Donegal,(074) 915 3259
An Post Na D√∫naibh,Post office,Donegal,(074) 915 5294
An Post Moville,Post office,Donegal,(074) 938 2016
An Post Meenaneary,Post office,Donegal,(074) 973 9009
An Post Cionn Caslach,Post office,Donegal,(074) 954 3101
An Post Doir√≠ Beaga,Post office,Donegal,(074) 953 1165
An Post Ardara,Post office,Donegal,(074) 954 1101
An Post Anagaire,Post office,Donegal,(074) 954 8101
An Post Carrigans,Post office,Donegal,(074) 914 0110
An Post Baile L√°ir,Post office,Donegal,(074) 915 9203
An Post Arranmore Island,Post office,Donegal,(074) 952 0501
An Post Creeslough,Post office,Donegal,(074) 913 8001
An Post Brinlock,Post office,Donegal,(074) 953 1010
An Post St Johnston,Post office,Donegal,(074) 914 8101
An Post Bruckless,Post office,Donegal,(074) 973 7009
An Post Leitir Mhic An Bhaird,Post office,Donegal,(074) 954 4101
An Post Buncrana,Post office,Donegal,(074) 936 1010
Dunlewey PO,Post office,Donegal,(074) 956 0780
River Valley Post Office,Post office,Dublin,(01) 840 0051
Swords Post Office,Post office,Dublin,(01) 810 7200
An Post Postpoint,Post office,Dublin,(01) 807 4757
An Post Swords & Malahide Delivery Service Unit,Post office,Dublin,(01) 897 0000
An Post Ballymun Centre,Post office,Dublin,(01) 842 4526
An Post Lorcan Ave,Post office,Dublin,(01) 862 0090
Post Office,Post office,Dublin,(01) 837 3587
An Post,Post office,Dublin,(01) 847 0728
Kilbarrack Post Office,Post office,Dublin,(01) 848 0636
An Post Finglas Post Office,Post office,Dublin,(01) 834 6962
An Post Malahide,Post office,Dublin,(01) 845 2278
An Post Glasnevin Avenue,Post office,Dublin,(01) 842 2887
Edenmore Post Office,Post office,Dublin,(01) 848 2653
Coolock Post Office,Post office,Dublin,(01) 848 0803
Santry Omni Shopping Centre Post Office,Post office,Dublin,(01) 842 7075
Artane Post Office,Post office,Dublin,(01) 831 0716
An Post Donaghmede Post Office,Post office,Dublin,(01) 848 4314
An Post,Post office,Dublin,(01) 838 6902
Ballygall Road East Post Office,Post office,Dublin,(01) 834 7011
St Mobhi Post Office,Post office,Dublin,(01) 837 4172
An Post Post Office,Post office,Dublin,(01) 831 1051
Raheny Post Office,Post office,Dublin,(01) 831 1400
An Post Dorset Street,Post office,Dublin,(01) 878 8067
An Post,Post office,Dublin,(01) 873 3606
An Post Lomond Avenue - Sorting Office,Post office,Dublin,(01) 837 9777
Drumcondra Post Office,Post office,Dublin,(01) 837 4391
Post Office,Post office,Dublin,(01) 455 9737
An Post Drumcondra,Post office,Dublin,(01) 830 5056
Phibsborough Post Office,Post office,Dublin,(01) 830 1854
Summerhill Post Office,Post office,Dublin,(01) 855 1387
An Post,Post office,Dublin,(01) 832 3853
Finglas South Post Office,Post office,Dublin,(01) 864 2082
An Post Erne Street Upper,Post office,Dublin,(01) 677 5508
An Post General Post Office,Post office,Dublin,(01) 705 7600
An Post,Post office,Dublin,(01) 874 0545
Cabra Post Office,Post office,Dublin,(01) 838 9520
An Post Harmonstown Delivery Service Unit,Post office,Dublin,(01) 831 7985
Harold's Cross Post Office,Post office,Dublin,(01) 497 2485
An Post - Clonshaugh Delivery Office,Mailing service,Dublin,(01) 848 3944
Post Delivery Services Unit,Post office,Dublin,(01) 717 0800
An Post Usher's Quay,Post office,Dublin,(01) 677 9201
An Post Killester,Post office,Dublin,(01) 833 0645
An Post,Post office,Dublin,(01) 454 7528
St. Andrew's St. Post Office,Post office,Dublin,(01) 705 8256
Post Office,Post office,Dublin,(01) 453 5184
Ringsend Post Office,Post office,Dublin,(01) 668 9550
An Post Earlsfort Terrace,Post office,Dublin,(01) 662 3192
An Post,Post office,Dublin,(01) 838 8979
An Post Marino,Post office,Dublin,(01) 833 9790
An Post,Post office,Dublin,(01) 861 8801
Merrion Row Post Office,Post office,Dublin,(01) 676 5961
An Post Sorting Office,Post office,Dublin,(01) 705 7306
An Post Upper Baggot Street,Post office,Dublin,(01) 667 4665
James's Street Post Office,Post office,Dublin,(01) 677 9063
Sundrive Post office,Post office,Dublin,(01) 492 1869
Ranelagh Post Office,Post office,Dublin,(01) 497 6084
Creighans Post Office,Post office,Dublin,(01) 454 6866
An Post Sutton Post Office,Post office,Dublin,(01) 832 5465
An Post - Terenure Post Office,Post office,Dublin,(01) 490 7792
Ashtown Post Office,Post office,Dublin,(01) 838 2179
Post Office,Post office,Dublin,(01) 820 3890
An Post Leonard's Corner,Post office,Dublin,(01) 454 3692
Rialto Post Office,Post office,Dublin,(01) 453 2109
Rathmines Post Office DSU,Post office,Dublin,(01) 497 2317
An Post Lusk,Post office,Dublin,(01) 843 8658
An Post - Coolmine Industrial Estate,Post office,Dublin,(01) 820 1177
Inchicore Post Office,Post office,Dublin,(01) 453 4530
An Post Upper Ballyfermot,Post office,Dublin,(01) 626 7736
Post Office,Post office,Dublin,(01) 820 7710
An Post Ballsbridge,Post office,Dublin,(01) 668 4979
Clonsilla Post Office,Post office,Dublin,(01) 821 3176
An Post Claddagh Green,Post office,Dublin,(01) 626 5716
An Post Direct Mail Services,Mailing service,Dublin,(01) 705 8600
Post Office,Post office,Dublin,(01) 626 1251
An Post Mulhuddart,Post office,Dublin,(01) 823 7108
Blanchardstown Centre Post Office,Post office,Dublin,(01) 820 3900
Walkinstown Post Office,Post office,Dublin,(01) 450 6290
An Post Ballyfermot,Post office,Dublin,(01) 626 9801
Drummartin Post Office,Post office,Dublin,(01) 295 1421
An Post Galtymore Road,Post office,Dublin,(01) 455 7324
North Strand Post Office,Post office,Dublin,(01) 874 0110
Post Office,Post office,Dublin,(01) 843 7201
An Post Delivery Service Unit,Post office,Dublin,(01) 865 2220
Post Office,Post office,Dublin,(01) 289 4377
Post Office,Post office,Dublin,(01) 280 2680
Crumlin Post Office,Post office,Dublin,(01) 455 8403
An Post Drimnagh,Post office,Dublin,(01) 455 7361
Post,Post office,Dublin,(01) 456 0360
Ballyowen Post Office,Post office,Dublin,(01) 601 1222
An Post,Post office,Dublin,(01) 295 1533
An Post Parcel Depot,Post office,Dublin,(01) 455 8322
Nutgrove Post Office,Post office,Dublin,(01) 493 3413
Rathfarnham Post Office,Post office,Dublin,(01) 490 4495
Dundrum Post Office,Post office,Dublin,(01) 298 2776
Post Office,Post office,Dublin,(01) 230 0140
An Post - Blackrock,Post office,Dublin,(01) 283 4038
An Post Orchardstown,Post office,Dublin,(01) 494 7256
An Post,Post office,Dublin,(01) 288 2063
Knocklyon Post Office,Post office,Dublin,(01) 494 2594
Sandyford post office,Post office,Dublin,(01) 295 6302
Post Office,Post office,Dublin,(01) 628 2320
Post Office,Post office,Dublin,(01) 457 1283
Killiney Post Office,Post office,Dublin,(01) 285 8604
An Post Churchtown,Post office,Dublin,(01) 298 6687
Ballyboden Post Office,Post office,Dublin,(01) 493 2479
Post Office,Post office,Dublin,(01) 457 4815
Ballinteer Post Office,Post office,Dublin,(01) 298 1874
An Post Neilstown,Post office,Dublin,(01) 457 0088
Kennedys Post Office,Post office,Dublin,(01) 295 5645
An Post Tallaght,Post office,Dublin,(01) 459 8553
Sallynoggin Post Office,Post office,Dublin,(01) 285 4418
ACN Europe,Post office,Dublin,(01) 687 5363
An Post Glenview,Post office,Dublin,(01) 451 1986
Belfield Post Office,Post office,Dublin,(01) 260 0861
Post Office,Post office,Dublin,(01) 285 0059
An Post,Post office,Galway,(091) 534 727
An Post Renmore,Post office,Galway,(091) 755 527
Salthill Post Office,Post office,Galway,(091) 521 927
Barna Oifig an Phoist,Post office,Galway,(091) 592 142
Fr Griffin Road Post Office,Post office,Galway,(091) 584 020
Seamus Quirke Road Post Office,Post office,Galway,(091) 524 712
Clarinbridge Post Office,Post office,Galway,(091) 796 105
An Post Lackagh Turloughmore,Post office,Galway,(091) 797 101
An Post Bohermore,Post office,Galway,(091) 562 664
An Post Derrynea,Post office,Galway,(091) 572 122
An Post Mervue,Post office,Galway,(091) 753 283
Newcastle Post Office,Post office,Galway,(091) 521 893
An Post Kilcolgan,Post office,Galway,(091) 796 101
Post Office,Post office,Galway,(093) 41771
Post Office,Post office,Galway,(090) 967 9271
An Post Dunmore,Post office,Galway,(093) 38130
An Post Claregalway,Post office,Galway,(091) 798 101
An Post Moycullen,Post office,Galway,(091) 555 101
Post Office,Post office,Galway,(093) 49211
An Post Lettermore,Post office,Galway,(091) 551 111
Craughwell Post Office,Post office,Galway,(091) 846 001
An Post Corrandulla,Post office,Galway,(091) 791 333
An Post Cill Chiarain,Post office,Galway,(095) 33406
An Post Gort,Post office,Galway,(091) 631 028
An Post Headford,Post office,Galway,(093) 35410
An Post Milltown Tuam,Post office,Galway,(093) 51321
Post Office,Post office,Galway,(090) 967 7084
Post Office,Post office,Galway,(094) 965 9164
An Post Kilconly,Post office,Galway,(093) 47615
An Post Cummer,Post office,Galway,(093) 41552
An Post An Cheathr√∫ Rua,Post office,Galway,(091) 595 127
An Post Tuam,Post office,Galway,(093) 24163
An Post Oranmore,Post office,Galway,(091) 794 101
An Post Williamstown,Post office,Galway,(094) 964 3001
An Post Galway Mails Centre,Post office,Galway,(091) 778 700
An Post Mountbellew,Post office,Galway,(090) 967 9291
An Post Athenry,Post office,Galway,(091) 844 039
Post Office,Post office,Galway,(090) 968 7631
An Post Portumna,Post office,Galway,(090) 974 1200
An Post Belclare,Post office,Galway,(093) 55411
An Post Oughterard,Post office,Galway,(091) 552 201
An Post Carna,Post office,Galway,(095) 32231
An Post Leenane,Post office,Galway,(095) 42234
An Post Sraith Salach,Post office,Galway,(095) 34601
An Post Roundstone,Post office,Galway,(095) 35831
An Post Loughrea,Post office,Galway,(091) 841 111
An Post Tynagh,Post office,Galway,(090) 974 5101
An Post Cappataggle,Post office,Galway,(091) 843 045
An Post DSU Sorting Office,Post office,Galway,(093) 52724
An Post Ballinasloe,Post office,Galway,(090) 964 4824
An Post Letterfrack,Post office,Galway,(095) 41023
An Post Kilconnell,Post office,Galway,(090) 968 6641
An Post Clifden,Post office,Galway,(095) 21138
Bealadangan P.O.,Post office,Galway,(091) 572 126
An Post Claddaghduff,Post office,Galway,(095) 44673
An Post Cornamona,Post office,Galway,(094) 954 8001
Castleisland Post Office,Post office,Kerry,(066) 714 1201
Post Office,Post office,Kerry,(066) 713 5144
Castlegregory Post Office,Post office,Kerry,(066) 713 9131
Post Office,Post office,Kerry,(066) 713 2151
An Post Rock Street,Post office,Kerry,(066) 712 1035
An Post Ballyheigue,Post office,Kerry,(066) 713 3147
Post Office,Post office,Kerry,(066) 976 7301
An Post Ballyduff,Post office,Kerry,(066) 713 1151
An Post Ceann Tr√°,Post office,Kerry,(066) 915 9060
Post Office,Post office,Kerry,(066) 947 7101
An Post Tuosist,Post office,Kerry,(064) 668 4201
An Post Kilcummin,Post office,Kerry,(064) 664 3127
Duagh Post Office,Post office,Kerry,(068) 45355
Glencar Post Office,Post office,Kerry,(066) 976 0101
An Post Farranfore,Post office,Kerry,(066) 976 4110
Post Office,Post office,Kerry,(064) 664 4261
An Post,Post office,Kerry,(064) 664 4101
An Post Killorglin,Post office,Kerry,(066) 976 1101
Mastergeehy Post Office,Post office,Kerry,(066) 947 4131
Ballinskelligs Post Office,Post office,Kerry,(066) 947 9221
Post Office,Shipping and mailing service,Kerry,(068) 48101
An Post Glenbeigh,Post office,Kerry,(066) 976 8201
An Post Sneem,Post office,Kerry,(064) 664 5110
An Post,Post office,Kerry,(064) 662 5400
An Post,Post office,Kerry,(066) 915 1661
An Post Tarbert,Post office,Kerry,(068) 36100
An Post Annascaul,Post office,Kerry,(066) 915 7101
An Post Cordal,Post office,Kerry,(066) 714 1401
An Post Kenmare,Post office,Kerry,(064) 664 1490
An Post Waterville,Post office,Kerry,(066) 947 4100
An Post Abbeydorney,Post office,Kerry,(066) 713 5141
Post Office,Post office,Kildare,(045) 860 545
Post Office,Post office,Kildare,(045) 860 228
Kill Post Office,Post office,Kildare,(045) 877 312
Post Office,Post office,Kildare,(045) 868 261
Post Office,Post office,Kildare,(01) 628 8550
Straffan Post Office,Post office,Kildare,(01) 628 8401
Prosperous Post Office,Post office,Kildare,(045) 868 136
Newbridge Post Office,Post office,Kildare,(045) 431 489
Sallins Post Office,Post office,Kildare,(045) 866 000
An Post Allenwood,Post office,Kildare,(045) 860 234
Kildare Post Office,Post office,Kildare,(045) 521 349
Kilcullen Post Office,Post office,Kildare,(045) 481 211
Moorefield Post Office,Post office,Kildare,(045) 486 168
Leixlip Post Office,Post office,Kildare,(01) 624 4528
An Post,Post office,Kildare,(01) 628 7201
An Post,Post office,Kildare,(01) 628 6259
Post Office,Post office,Kildare,(045) 526 150
An Post Depot Naas,Post office,Kildare,(045) 896 100
Carbury Post Office,Post office,Kildare,(046) 955 2846
Bracknagh Post Office,Post office,Kildare,(045) 524 351
An Post Curragh,Post office,Kildare,(045) 441 223
Maynooth An Post DSU Sorting Office,Post office,Kildare,(01) 629 3390
An Post Newbridge Delivery Services Unit,Post office,Kildare,(045) 431 480
Castledermot Post Office,Post office,Kildare,(059) 914 4191
An Post Ballylinan,Post office,Kildare,(059) 862 5111
An Post Athy,Post office,Kildare,(059) 863 1341
John's Green Post Office,Post office,Kilkenny,(056) 772 2963
An Post,Post office,Kilkenny,(056) 772 2719
An Post,Post office,Kilkenny,(056) 776 2327
Post Office,Post office,Kilkenny,(051) 895 101
An Post,Post office,Kilkenny,1850 575 859
Loughboy Post Office,Post office,Kilkenny,(056) 776 1140
Post Office,Post office,Kilkenny,(056) 776 9240
An Post Bennettsbridge,Post office,Kilkenny,(056) 772 7111
Post Office,Post office,Kilkenny,(059) 972 4202
Goresbridge Post Office,Post office,Kilkenny,(059) 977 5393
The Rower Post Office,Post office,Kilkenny,(051) 423 610
An Post Gowran,Post office,Kilkenny,(056) 772 6111
Paulstown Postal Agency,Post office,Kilkenny,(059) 972 6101
Hugginstown Postal Agency,Post office,Kilkenny,(056) 776 8605
Post Office,Post office,Laois,(057) 866 1506
Post Office,Post office,Laois,(057) 873 2150
Post Office,Post office,Laois,(057) 862 5191
Durrow Post Office,Post office,Laois,(057) 873 6151
Post Office,Post office,Laois,(057) 873 1230
An Post Portarlington,Post office,Laois,(057) 862 3257
An Post,Post office,Laois,(057) 862 4234
An Post Clonaslee,Post office,Laois,(057) 864 8052
Post Office,Post office,Leitrim,(071) 962 0020
An Post Leitrim,Post office,Leitrim,(071) 962 0801
Kilnagross Post Office,Post office,Leitrim,(071) 964 2003
An Post Aghacashel,Post office,Leitrim,(071) 964 1301
An Post Carrigallen,Post office,Leitrim,(049) 433 9601
An Post Drumkeeran,Post office,Leitrim,(071) 964 3046
An Post Mohill,Post office,Leitrim,(071) 963 1100
Kinlough Post Office,Post office,Leitrim,(071) 984 1411
An Post Ballinamore,Post office,Leitrim,(071) 964 4081
An Post Manorhamilton,Post office,Leitrim,(071) 985 5001
An Post Kilclare,Post office,Leitrim,(071) 964 1031
DHL Service Point (An Post Carrick On Shannon),Shipping and mailing service,Leitrim,(01) 870 0790
An Post Drumsna,Post office,Leitrim,(071) 962 4703
An Post Kiltyclogher,Post office,Leitrim,(071) 985 4023
An Post,Post office,Limerick,(061) 317 027
Post Office,Post office,Limerick,(069) 68100
Thomondgate Post Office,Post office,Limerick,(061) 454 750
Upper William Post Office,Post office,Limerick,(061) 409 805
An Post,Post office,Limerick,(061) 212 055
Post Office,Post office,Limerick,(061) 380 151
An Post Edward Street,Post office,Limerick,(061) 414 827
Castletroy Post Office,Post office,Limerick,(061) 330 736
Post Office,Post office,Limerick,(069) 76101
Post Office,Post office,Limerick,(061) 383 101
Dooradoyle Post Office,Post office,Limerick,(061) 210 083
An Post Caherdavin,Post office,Limerick,(061) 451 506
Ballyneety Post Office,Post office,Limerick,(061) 352 112
Post Office,Post office,Limerick,(061) 394 117
Castleconnell Post Office,Post office,Limerick,(061) 377 101
Cappamore Post Office,Post office,Limerick,(061) 381 201
Post Office,Post office,Limerick,(061) 392 101
An Post Kilfinane,Post office,Limerick,(063) 91277
Post Office,Post office,Limerick,(061) 393 101
An Post,Post office,Limerick,(061) 214 672
An Post Mary Street,Post office,Limerick,(061) 414 383
An Post Murroe,Post office,Limerick,(061) 386 101
An Post Caherconlish,Post office,Limerick,(061) 351 201
An Post Kilmallock,Post office,Limerick,(063) 98020
An Post Rathkeale,Post office,Limerick,(069) 64257
An Post Patrickswell,Post office,Limerick,(061) 355 101
An Post Old Pallas,Post office,Limerick,(061) 384 115
An Post Bruree,Post office,Limerick,(063) 90501
An Post Crecora,Post office,Limerick,(061) 355 113
An Post Pallasgreen,Post office,Limerick,(061) 384 101
An Post Oola,Post office,Limerick,(062) 47633
An Post Ballylanders,Post office,Limerick,(062) 46022
An Post Bruff,Post office,Limerick,(061) 382 101
An Post Newcastle West,Post office,Limerick,(069) 79478
An Post Anglesborough,Post office,Limerick,(062) 46632
Post Office,Post office,Limerick,(068) 31171
An Post Shanagolden,Post office,Limerick,(069) 60101
An Post Foynes,Post office,Limerick,(069) 65255
An Post Adare,Post office,Limerick,(061) 396 120
An Post Galbally,Post office,Limerick,(062) 37918
Anpost Sorting Office,Post office,Limerick,(069) 69101
Buachailli Bo,Post office,Limerick,087 630 3226
Kilmallock DSU An Post,Mailing service,Limerick,(063) 31101
Post Office,Post office,Longford,(043) 334 5051
Post Office,Post office,Longford,(043) 332 1101
An Post Ballyrevagh,Post office,Longford,(043) 332 5108
An Post Keenagh,Post office,Longford,(043) 332 2101
An Post Ardagh,Post office,Longford,(043) 667 5001
An Post Ballinalee,Post office,Longford,(043) 332 3101
An Post Granard,Post office,Longford,(043) 668 6511
An Post Edgeworthstown,Post office,Longford,(043) 667 1100
An Post Ballymahon,Post office,Longford,(090) 643 2183
An Post Drumlish,Post office,Longford,(043) 332 4101
Bells,Post office,Longford,(043) 334 6997
Post Office,Post office,Louth,(042) 933 0473
An Post Louth Village,Post office,Louth,(042) 937 4181
Post Office,Post office,Louth,(042) 933 4408
Post Office,Post office,Louth,(042) 937 6167
An Post Castlebellingham,Post office,Louth,(042) 937 2101
An Post Dundalk,Post office,Louth,(042) 932 5200
An Post Collon,Post office,Louth,(041) 982 6157
Boyne centre post office,Post office,Louth,(041) 983 5185
DSU Post Office,Post office,Louth,(041) 983 8158
An Post Dunleer,Post office,Louth,(041) 685 1301
An Post Bridge Street,Post office,Louth,(042) 933 1000
An Post Ardee,Post office,Louth,(041) 685 3310
An Post Clogherhead,Post office,Louth,(041) 982 2201
An Post Yellowbatter,Post office,Louth,(041) 983 6855
An Post Termonfeckin,Post office,Louth,(041) 982 2612
An Post Drogheda,Post office,Louth,(041) 983 7186
An Post Carlingford,Post office,Louth,(042) 937 3171
An Post Ballsgrove,Post office,Louth,(041) 984 7584
An Post Dublin Street Post Office Tesco Xtra,Post office,Louth,(042) 933 4001
Mulligans Londis,Post office,Louth,(042) 937 2262
Post Office,Post office,Mayo,(094) 902 1020
Kilkelly Post Office,Post office,Mayo,(094) 936 7001
An Post Breaffy,Post office,Mayo,(094) 902 2017
Post Office,Post office,Mayo,(094) 925 1112
Kilmaine Post Office,Post office,Mayo,(093) 33371
Post Office Ballyhaunis,Post office,Mayo,(094) 963 0018
Cloonfallagh Post Office,Post office,Mayo,(094) 938 1414
Kiltimagh Post Office,Post office,Mayo,(094) 938 1250
Post Office,Post office,Mayo,(094) 903 1001
Post Office,Post office,Mayo,(098) 21226
An Post Tulrahan,Post office,Mayo,(094) 938 0140
An Post Lahardane,Post office,Mayo,(096) 51001
An Post Crossmolina,Post office,Mayo,(096) 30012
Barnycarroll Post Office,Post office,Mayo,(094) 937 1507
An Post Ballina,Post office,Mayo,(096) 21498
An Post An Clochar,Post office,Mayo,(097) 85672
Post Office,Post office,Mayo,(094) 903 2001
An Post Newport,Post office,Mayo,(098) 41388
An Post Killala,Post office,Mayo,(096) 32022
Post Office,Post office,Mayo,(094) 954 0001
An Post Ballycastle,Post office,Mayo,(096) 43265
An Post Claremorris,Post office,Mayo,(094) 937 1025
An Post Ardnaree,Post office,Mayo,(096) 22292
An Post Foxford,Post office,Mayo,(094) 925 6101
An Post Westport,Post office,Mayo,(098) 27210
An Post Ballinrobe,Post office,Mayo,(094) 954 1013
Tourmakeady Post Office,Post office,Mayo,(094) 954 4774
Lissatava Post Office,Post office,Mayo,(094) 954 0011
An Post Kilmeena,Post office,Mayo,(098) 41252
An Post Barr Na Tr√°,Post office,Mayo,(097) 84111
An Post B√©al an Mhuirthead,Post office,Mayo,(097) 81032
An Post Shrule,Post office,Mayo,(093) 31291
An Post Aghamore,Post office,Mayo,(094) 936 7019
An Post Gaoth S√°ile,Post office,Mayo,(097) 86741
An Post Ballycroy,Post office,Mayo,(098) 49917
An Post DSU Sorting Office,Post office,Mayo,(098) 53400
An Post Gob An Choire,Post office,Mayo,(098) 45141
An Post Cnoc√°n na L√≠ne,Post office,Mayo,(097) 81238
An Post Ceathr√∫ Thaidhg,Post office,Mayo,(097) 88955
An Post Bonniconlon,Post office,Mayo,(096) 45001
An Post Bangor Erris,Post office,Mayo,(097) 83461
An Post Clare island,Post office,Mayo,(098) 26987
An Post An Geata M√≥r,Post office,Mayo,(097) 81083
An Post Bun Na Habhna,Post office,Mayo,(097) 81057
An Post Aghagower,Post office,Mayo,(098) 25119
An Post Gleann na Muaidhe & Petrol Station,Post office,Mayo,(097) 87841
An Post,Post office,Meath,(01) 835 0181
An Post,Post office,Meath,(01) 825 5278
Post Office,Post office,Meath,(046) 955 7001
Post Office,Post office,Meath,(01) 802 0023
Post Office,Post office,Meath,(046) 902 8383
Post Office Clonee,Post office,Meath,(01) 825 5255
Blackcastle post Office,Post office,Meath,(046) 902 3000
An Post,Post office,Meath,(01) 825 6535
Dunshaughlin Post Office,Post office,Meath,(01) 825 9181
Johnstown Post Office,Post office,Meath,(046) 905 0917
Post Office,Post office,Meath,(046) 954 1001
Laytown Post Office,Post office,Meath,(041) 982 7498
Post Office,Post office,Meath,(046) 943 1268
Post Office,Post office,Meath,(046) 943 2138
An Post,Post office,Meath,(01) 825 8066
Hill of Down Post Office,Post office,Meath,(046) 954 6201
Kilmessan Post Office & Grocery,Post office,Meath,(046) 902 5201
An Post Lobinstown,Post office,Meath,(046) 905 3131
An Post Delivery Unit,Post office,Meath,(046) 903 0200
An Post Longwood,Post office,Meath,(046) 955 5013
An post,Post office,Meath,(046) 925 2671
Fordstown Post Office,Post office,Meath,(046) 943 4121
Kilskyre Post Office,Post office,Meath,(046) 924 3677
Bettystown Post Office,Post office,Meath,(041) 982 7111
An Post Kells,Post office,Meath,(046) 924 0598
An Post Moynalty,Post office,Meath,(046) 924 4300
An Post Drumconrath,Post office,Meath,(041) 685 4100
Duleek Post Office,Post office,Meath,(041) 982 3201
An Post Oldcastle,Post office,Meath,(049) 854 1101
Post Office,Post office,Monaghan,(042) 966 7400
An Post Monaghan,Post office,Monaghan,(047) 82286
An Post Carrickmacross Post Office,Post office,Monaghan,(042) 966 1869
An Post Scotstown,Post office,Monaghan,(047) 89201
Clones Post Office,Post office,Monaghan,(047) 51012
An Post Newbliss,Post office,Monaghan,(047) 54001
An Post Ballybay,Post office,Monaghan,(042) 974 1000
An Post DSU - Sorting Office,Post office,Monaghan,(047) 39202
An Post Killybrone,Post office,Monaghan,(047) 87339
An Post Latton,Post office,Monaghan,(042) 974 2207
An Post Latnamard,Post office,Monaghan,(042) 974 4898
An Post Tullamore Post Office,Post office,Offaly,(057) 934 1487
Killeigh Post Office,Post office,Offaly,(057) 934 4131
Castlejordan Post Office,Post office,Offaly,(046) 973 9002
Edenderry Post Office,Post office,Offaly,(046) 973 1327
Post Office,Post office,Offaly,(046) 973 0001
Clara Post Office,Post office,Offaly,(057) 933 1197
Post Office,Post office,Offaly,(057) 912 0062
An Post DAINGEAN,Post office,Offaly,(057) 935 3051
Post Office,Post office,Offaly,(057) 913 5001
An Post Ferbane,Post office,Offaly,(090) 645 4301
An Post Delivery Office,Mailing service,Offaly,(057) 931 7304
An Post Cloghan,Post office,Offaly,(090) 645 7455
An Post Kinnitty,Post office,Offaly,(057) 913 7001
An Post Shinrone,Post office,Offaly,(0505) 47101
An Post Banagher,Post office,Offaly,(057) 915 1363
Roscommon Post Office,Post office,Roscommon,(090) 662 6148
Post Office,Post office,Roscommon,(090) 666 1129
Post Office,Post office,Roscommon,(090) 643 7101
Brideswell Post Office,Post office,Roscommon,(090) 648 8153
Post Office,Post office,Roscommon,(094) 986 2728
An Post Roosky,Post office,Roscommon,(071) 963 8001
Fairymount Post Office and Grocery Store,Post office,Roscommon,(094) 987 0241
An Post Strokestown,Post office,Roscommon,(071) 963 3001
An Post Ballinlough,Post office,Roscommon,(094) 964 0001
An Post Frenchpark,Post office,Roscommon,(094) 987 0006
An Post Curraghboy,Post office,Roscommon,(090) 648 8100
An Post Sorting Office,Post office,Roscommon,(090) 662 6652
An Post Creggs,Post office,Roscommon,(090) 662 1110
Killoran's DayToday & Post Office,Post office,Roscommon,(071) 964 7004
An Post,Post office,Sligo,(071) 915 9273
An Post Maugheraboy,Post office,Sligo,(071) 916 2740
An Post Castle Street Sligo,Post office,Sligo,(071) 914 3078
An Post Rosses Point,Post office,Sligo,(071) 917 7339
An Post Riverstown,Post office,Sligo,(071) 916 5101
An Post Strandhill,Post office,Sligo,(071) 916 8230
An Post Grange,Post office,Sligo,(071) 916 3141
Easkey Post Office,Post office,Sligo,(096) 49001
An Post Ballisodare,Post office,Sligo,(071) 916 7257
An Post Collooney,Post office,Sligo,(071) 916 7101
An Post Dromore West,Post office,Sligo,(096) 47001
An Post Beltra,Post office,Sligo,(071) 916 6601
An Post Ballymote,Post office,Sligo,(071) 918 3345
An Post Ballygawley,Post office,Sligo,(071) 916 7022
An Post Aclare,Post office,Sligo,(071) 918 1764
An Post Cloonacool,Post office,Sligo,(071) 918 5037
An Post Tubbercurry,Post office,Sligo,(071) 918 5013
An Post DSU Sorting office,Shipping and mailing service,Sligo,(071) 917 4031
An Post Enniscrone,Post office,Sligo,(096) 36392
Post Office,Post office,Tipperary,(052) 915 3101
Post Office,Post office,Tipperary,(0504) 31058
Thurles Post Office,Post office,Tipperary,(0504) 21258
Post Office,Post office,Tipperary,(0504) 53201
Post Office,Post office,Tipperary,(067) 28020
Gortnahoe Post Office,Post office,Tipperary,(056) 883 4101
Post Office,Post office,Tipperary,(0504) 51101
Dolla Post Office,Post office,Tipperary,(067) 25160
Golden Post Office,Post office,Tipperary,(062) 72101
Irishtown Post Office,Post office,Tipperary,(052) 612 1916
An Post,Post office,Tipperary,(062) 51190
An Post Cloughjordan,Post office,Tipperary,(0505) 42101
An Post Borrisokane,Post office,Tipperary,(067) 27189
Ardcroney Post Office,Post office,Tipperary,(067) 38212
An Post Clonoulty,Post office,Tipperary,(0504) 42111
Post Office,Post office,Tipperary,(067) 26001
An Post Templemore,Post office,Tipperary,(0504) 31098
An Post Fethard,Post office,Tipperary,(052) 613 1217
Clonmel Main Post Office,Post office,Tipperary,(052) 612 2486
An Post Ardfinnan,Post office,Tipperary,(052) 613 1101
An Post Nenagh,Post office,Tipperary,(067) 31209
An Post Roscrea,Post office,Tipperary,(0505) 22864
An Post Delivery Services Unit,Post office,Tipperary,(0504) 27100
An Post Kilsheelan,Post office,Tipperary,(052) 613 3131
An Post Ballyporeen,Post office,Tipperary,(052) 746 7101
An Post Cashel,Post office,Tipperary,(062) 61032
An Post Terryglass,Post office,Tipperary,(067) 22037
An Post Cahir,Post office,Tipperary,(052) 744 1229
An Post Carrick on Suir,Post office,Tipperary,(051) 640 099
An Post Emly,Post office,Tipperary,(062) 57151
An Post Clogheen,Post office,Tipperary,(052) 746 5201
Barrack Street Post Office,Post office,Waterford,(051) 874 240
GPO,Post office,Waterford,(051) 317 312
Newtown Post Office,Post office,Waterford,(051) 857 413
Cleaboy Post Office,Post office,Waterford,(051) 376 958
An Post Gracedieu,Post office,Waterford,(051) 874 326
An Post Ferrybank,Post office,Waterford,(051) 832 040
Lisduggan Post Office,Post office,Waterford,(051) 355 573
Ballytruckle Post Office,Post office,Waterford,(051) 872 305
An Post Collection Point,Post office,Waterford,(051) 875 783
Tramore Post Office,Post office,Waterford,(051) 390 196
Post Office,Post office,Waterford,(051) 387 106
An Post Dunmore East,Post office,Waterford,(051) 383 110
Post Office,Post office,Westmeath,(044) 937 4111
Coole Post Office,Post office,Westmeath,(044) 966 1101
Mullingar Post Office,Post office,Westmeath,(044) 934 8360
Walderstown Post Office,Post office,Westmeath,(090) 648 5694
Post Office,Post office,Westmeath,(044) 937 3101
Raharney Post Office,Post office,Westmeath,(044) 937 4316
Post Office,Post office,Westmeath,(044) 935 6201
Castletown Geoghegan Post Office,Post office,Westmeath,(044) 922 6111
An Post Kilbeggan,Post office,Westmeath,(057) 933 2151
An Post Athlone Town Centre Post Office,Post office,Westmeath,(090) 647 2046
Rochfortbridge Post Office,Post office,Westmeath,(044) 922 2101
An Post Moate,Post office,Westmeath,(090) 648 1101
An Post Athlone,Post office,Westmeath,(090) 643 5000
An Post Baylough,Post office,Westmeath,(090) 649 2907
An Post - Kinnegad,Post office,Westmeath,(044) 937 5111
An Post Castlepollard,Post office,Westmeath,(044) 966 1111
An Post,Post office,Westmeath,(090) 648 5298
Post Office,Post office,Wexford,(053) 914 5314
Post Office,Post office,Wexford,(053) 912 2587
An Post Castlebridge,Post office,Wexford,(053) 915 9208
Ballyfad Post Office,Post office,Wexford,(0402) 37175
Post Office,Post office,Wexford,(053) 925 5158
Kilmuckridge Post Office,Post office,Wexford,(053) 913 0141
Post Office,Post office,Wexford,(053) 913 6137
Main Post Office,Post office,Wexford,(053) 923 3565
Bridgetown Post Office,Post office,Wexford,(053) 913 5140
Post Office,Post office,Wexford,(053) 913 8160
Post Office,Post office,Wexford,(0402) 37239
Post Office,Post office,Wexford,(053) 913 6100
An Post New Ross,Post office,Wexford,(051) 421 261
Post Office,Post office,Wexford,(053) 913 5266
Ferns Post Office,Post office,Wexford,(053) 936 6351
An Post Wellingtonbridge,Post office,Wexford,(051) 561 131
Ballycanew Post Office,Post office,Wexford,(053) 942 7101
Post Office Fethard On Sea,Post office,Wexford,(051) 397 101
An Post Murrintown,Post office,Wexford,(053) 913 9131
An Post Ramsgrange,Post office,Wexford,(051) 389 140
An Post Killinick,Post office,Wexford,(053) 915 8151
Bree Post Office,Post office,Wexford,(053) 924 7848
Post Office,Post office,Wexford,(051) 388 101
An Post Delivery Service Unit (Sorting Office),Post office,Wexford,(051) 448 660
An Post Taghmon,Post office,Wexford,(053) 913 4101
An Post Adamstown,Post office,Wexford,(053) 924 0900
An Post Rosslare,Post office,Wexford,(053) 913 2101
An Post Duncannon,Post office,Wexford,(051) 389 101
Newbawn post office,Post office,Wexford,(051) 428 325
An Post Enniscorthy Delivery Services Unit,Post office,Wexford,(053) 923 3226
Post Office,Post office,Wicklow,(01) 281 9141
Post Office,Post office,Wicklow,(0404) 67471
Little Bray Post Office,Post office,Wicklow,(01) 276 4705
Post Office,Post office,Wicklow,(01) 287 5025
Post Office,Post office,Wicklow,(053) 942 9101
Ashford Post Office,Post office,Wicklow,(0404) 40241
Greystones Post Office,Post office,Wicklow,(01) 287 4055
An Post,Post office,Wicklow,(0402) 38181
An Post Dunlavin,Post office,Wicklow,(045) 401 261
Post,Post office,Wicklow,(01) 282 8926
Kilbride Post Office,Post office,Wicklow,(0404) 48151
Bray Post Office,Post office,Wicklow,(01) 286 2554
Aughrim Post Office,Post office,Wicklow,(0402) 36995
Blessington Post Office,Post office,Wicklow,(045) 865 111
An Post,Post office,Wicklow,(0402) 32416
An Post Avoca,Post office,Wicklow,(0402) 35211
Baltinglass Post Office,Post office,Wicklow,(059) 648 1109
