name,description,county_number,county
Post Office,Post office,Carlow ¬∑ (059) 913 1783,Carlow
Post Office,Post office,Rathvilly County Carlow ¬∑ (059) 916 1181,Carlow
Staplestown Road Post Office,Post office,Carlow ¬∑ (059) 914 2812,Carlow
An Post,Post office,Tullow County Carlow ¬∑ (059) 915 1256,Carlow
Hacketstsown Post Office,Post office,County Carlow ¬∑ (059) 647 1101,Carlow
An Post Myshall,Post office,Myshall County Carlow ¬∑ (059) 915 7630,Carlow
An Post Leighlinbridge,Post office,Leighlinbridge County Carlow ¬∑ (059) 972 1101,Carlow
An Post Muine Bheag,Post office,County Carlow ¬∑ (059) 972 1242,Carlow
An Post Borris,Post office,Borris County Carlow ¬∑ (059) 977 3101,Carlow
Carlow Parcel Collection Post,Post office,Graigue County Laois,Carlow
An Post Old Leighlin,Mailing service,Carlow ¬∑ (059) 972 1123,Carlow
Hosey's,Post office,Carlow ¬∑ (059) 913 1562,Carlow
An Post Bilboa,Post office,County Laois (border Carlow),Carlow
Post Office,Post office,Cavan ¬∑ (049) 433 1745,Cavan
Post Office,Post office,Cavan ¬∑ (049) 433 1331,Cavan
Post Office,Post office,Ballyheelan County Cavan ¬∑ (049) 433 6753,Cavan
Post Office,Post office,Mullagh County Cavan ¬∑ (046) 924 2037,Cavan
An Post Shercock,Post office,County Cavan ¬∑ (042) 966 9200,Cavan
An Post Virginia,Post office,Virginia County Cavan ¬∑ (049) 854 7000,Cavan
An Post Kingscourt,Post office,Kingscourt County Cavan ¬∑ (042) 966 7131,Cavan
Post Office,Post office,Blacklion County Cavan ¬∑ (071) 985 3001,Cavan
An Post Ballinagh,Post office,Ballinagh County Cavan ¬∑ (049) 433 7101,Cavan
Dennings Post Office,Post office,Drung County Cavan ¬∑ (049) 555 3029,Cavan
An Post Ballyconnell,Post office,County Cavan ¬∑ (049) 952 6201,Cavan
An Post Ballyjamesduff,Post office,Ballyjamesduff County Cavan ¬∑ (049) 854 4101,Cavan
An Post Ballyhaise,Post office,Ballyhaise County Cavan ¬∑ (049) 433 8101,Cavan
An Post Mountnugent,Post office,Mount Nugent County Cavan ¬∑ (049) 854 0100,Cavan
An Post Corroneary,Post office,Cavan ¬∑ (042) 966 0107,Cavan
An Post Termon,Post office,Virginia County Cavan ¬∑ (049) 854 4437,Cavan
An Post Canningstown,Post office,Canningstown County Cavan ¬∑ (042) 966 0101,Cavan
Belturbet Delivery Service Unit An Post,Post office,County Cavan ¬∑ (049) 952 9010,Cavan
Clarecastle Post Office,Post office,Clarecastle County Clare ¬∑ (065) 682 8680,Clare
Post Office,Post office,Shannon County Clare ¬∑ (061) 364 744,Clare
Post Office,Post office,Ennis County Clare ¬∑ (065) 683 8078,Clare
An Post Kilrush,Post office,Kilrush County Clare ¬∑ (065) 905 1076,Clare
Post Office,Post office,Fanore County Clare ¬∑ (065) 707 6131,Clare
Morrisseys Post Office,Post office,County Clare ¬∑ (065) 905 3003,Clare
An Post Clonroadmore,Post office,Ennis County Clare ¬∑ (065) 682 0606,Clare
An Post Ennis,Post office,Ennis County Clare ¬∑ (065) 682 1713,Clare
Post office,Post office,Kilmihill County Clare,Clare
An Post Sixmilebridge,Post office,County Clare ¬∑ (061) 369 171,Clare
Post Office,Post office,Miltown Malbay County Clare ¬∑ (065) 708 4001,Clare
Lisdoonvarna Post Office,Post office,Lisdoonvarna County Clare ¬∑ (065) 707 4110,Clare
An Post Ennistymon,Post office,County Clare,Clare
An Post Market Street,Post office,Ennis County Clare ¬∑ (065) 682 9697,Clare
Flagmount Post Office,Post office,Flagmount County Clare ¬∑ (061) 925 055,Clare
An Post Kildysart,Post office,Ennis County Clare ¬∑ (065) 683 2101,Clare
An Post Ennis Delivery Office,Post office,Ennis County Clare ¬∑ (065) 684 4738,Clare
An Post Killaloe Post Office,Post office,Killaloe County Clare ¬∑ (061) 376 111,Clare
An Post Labasheeda,Post office,Ennis County Clare ¬∑ (065) 683 0128,Clare
An Post Whitegate,Post office,Whitegate County Clare,Clare
Feakle Post Office,Post office,Feakle County Clare ¬∑ (061) 924 001,Clare
Kilmihill Post Office,Post office,Kilmihill County Clare ¬∑ (065) 905 0001,Clare
An Post Scarriff,Post office,Scarriff County Clare ¬∑ (061) 921 001,Clare
An Post Dromindoora,Post office,Caher County Clare ¬∑ (061) 925 087,Clare
Newmarket on Fergus Post Office,Post office,Newmarket on Fergus County Clare ¬∑ (061) 368 189,Clare
An Post Doonbeg,Post office,County Clare ¬∑ (065) 905 5001,Clare
An Post Ballyvaughan,Post office,Ballyvaughan County Clare ¬∑ (065) 707 7001,Clare
An Post Kilkee,Post office,Kilkee County Clare ¬∑ (065) 905 6001,Clare
An Post Quilty,Post office,Quilty County Clare ¬∑ (065) 708 7444,Clare
An Post Shannon Mail Delivery office,Post office,Shannon County Clare,Clare
Post Office,Post office,County Cork ¬∑ (027) 74003,Cork
Model Farm Road Post Office,Post office,Cork ¬∑ (021) 454 6111,Cork
Post Office,Post office,Cork ¬∑ (021) 435 3163,Cork
An Post,Post office,Cork ¬∑ (021) 488 9101,Cork
An Post Bandon Road,Post office,Cork ¬∑ (021) 431 6090,Cork
An Post North Main St,Post office,Cork ¬∑ (021) 427 2761,Cork
Cork north City dsu Cork,Post office,Cork ¬∑ (021) 422 7120,Cork
An Post Fair Hill,Post office,Cork ¬∑ (021) 430 5545,Cork
An Post Passage West,Post office,Passage West County Cork ¬∑ (021) 484 1100,Cork
An Post Glounthaune,Post office,Glounthaune County Cork ¬∑ (021) 435 1067,Cork
An Post Bishopstown,Post office,Cork ¬∑ (021) 454 1842,Cork
An Post,Post office,Carrigtwohill County Cork ¬∑ (021) 488 3101,Cork
An Post,Post office,Cork ¬∑ (021) 485 1042,Cork
An Post Sunday's Well,Post office,Cork ¬∑ (021) 430 3854,Cork
An Post,Post office,Cork,Cork
An Post Douglas,Post office,Cork ¬∑ (021) 489 4875,Cork
An Post Pouladuff Road,Post office,(021) 496 4523,Cork
Blackpool Post Office,Post office,Cork ¬∑ (021) 430 7829,Cork
An Post Ballinlough,Post office,Cork ¬∑ (021) 429 4220,Cork
Cobh Post Office,Post office,Cobh County Cork ¬∑ (021) 481 1334,Cork
An Post Farranree,Post office,Farranree County Cork ¬∑ (021) 439 3844,Cork
An Post Ballintemple,Post office,Cork ¬∑ (021) 429 4591,Cork
An Post Blarney Street,Post office,Cork ¬∑ (021) 430 4687,Cork
An Post Mahon,Post office,Cork ¬∑ (021) 435 8255,Cork
Kearneys Post Office,Post office,Ballydesmond County Cork ¬∑ (064) 775 1110,Cork
An Post South Douglas Road,Post office,Cork ¬∑ (021) 436 4773,Cork
An Post Dungourney,Post office,Dungourney County Cork,Cork
An Post Ballincollig,Post office,Ballincollig County Cork ¬∑ (021) 487 1111,Cork
Dunmanway Post Office,Post office,Dunmanway County Cork ¬∑ (023) 884 5227,Cork
An Post,Post office,Cork ¬∑ (021) 496 4232,Cork
Knocknaheeney Post Office,Post office,Cork ¬∑ (021) 439 5236,Cork
An Post Mayfield Post Office,Post office,Cork ¬∑ (021) 450 1006,Cork
An Post Glanmire,Post office,Glanmire County Cork ¬∑ (021) 482 1085,Cork
Boherbue Post Office,Post office,Boherbue County Cork ¬∑ (029) 76001,Cork
Kilbarry Post Office,Post office,Macroom County Cork ¬∑ (026) 49018,Cork
An Post Ladysbridge,Post office,County Cork ¬∑ (021) 466 7137,Cork
An Post Ballinhassig,Post office,Ballinhassig County Cork,Cork
Ballinspittle Post Office,Post office,Kinsale County Cork ¬∑ (021) 477 8210,Cork
Post Office,Post office,Buttevant County Cork ¬∑ (022) 23663,Cork
An Post Rathcormac,Post office,Rathcormac County Cork ¬∑ (025) 36146,Cork
An Post McCurtain Street,Post office,Cork ¬∑ (021) 450 2867,Cork
Ballydaheen PostOffice,Post office,Mallow County Cork ¬∑ (022) 21158,Cork
An Post Killeagh,Post office,Killeagh County Cork ¬∑ (024) 95069,Cork
An Post Upper Aghada,Post office,Midleton County Cork ¬∑ (021) 466 1373,Cork
Friars Road Post Office,Post office,Cork,Cork
An Post Crookstown,Post office,Crookstown County Cork ¬∑ (021) 733 6001,Cork
An Post Kildorrery,Post office,Kildorrery County Cork ¬∑ (022) 25161,Cork
Midleton Post Office,Post office,Midleton County Cork ¬∑ (021) 463 3621,Cork
An Post Blarney,Post office,Blarney County Cork ¬∑ (021) 438 5440,Cork
An Post Doneraile,Post office,(022) 24181,Cork
Cobh Post Office,Post office,Cobh County Cork ¬∑ (021) 481 3624,Cork
An Post Lislevane,Post office,County Cork,Cork
An Post Rylane,Post office,Rylane County Cork ¬∑ (021) 733 9001,Cork
An Post Innishannon,Post office,Innishannon County Cork ¬∑ (021) 477 5301,Cork
Mallow Post Office,Post office,Mallow County Cork ¬∑ (022) 22576,Cork
An Post Drimoleague,Post office,Drimoleague County Cork ¬∑ (028) 31110,Cork
Post Office,Post office,Macroom County Cork ¬∑ (026) 46034,Cork
Kinsale Post Office,Post office,Kinsale County Cork ¬∑ (021) 477 2246,Cork
An Post Castlemartyr,Post office,Castlemartyr County Cork ¬∑ (021) 466 7111,Cork
An Post Newmarket,Post office,Newmarket County Cork ¬∑ (029) 60001,Cork
An Post Main Office Oliver Plunkett Street,Post office,Cork ¬∑ (021) 485 1042,Cork
An Post Millstreet,Post office,Millstreet County Cork ¬∑ (029) 70001,Cork
An Post Grenagh,Post office,Cork ¬∑ (021) 488 6105,Cork
An Post DSU Little Island Centre,Post office,County Cork,Cork
An Post Inchigeela,Post office,Cork ¬∑ (026) 49001,Cork
An Post Enniskeane,Post office,Enniskeane County Cork ¬∑ (023) 884 7176,Cork
Post Office,Post office,Bantry County Cork ¬∑ (027) 67001,Cork
Kealkil Post Office (An Post),Post office,Kealkill County Cork ¬∑ (027) 66001,Cork
An Post Lombardstown,Post office,Lombardstown County Cork ¬∑ (022) 47161,Cork
Morgans Shop/An Post Togher,Post office,Cork ¬∑ (021) 496 1891,Cork
An Post Belgooly,Post office,Belgooly County Cork ¬∑ (021) 477 0845,Cork
An Post Gurranabraher,Post office,Cork ¬∑ (021) 430 2930,Cork
An Post Kilcrohane,Post office,Bay View Cottages County Cork,Cork
An Post Bandon Post Office,Post office,Bandon County Cork ¬∑ (023) 884 1554,Cork
An Post Delivery Office,Post office,Ballincollig County Cork ¬∑ (021) 487 7601,Cork
An Post Youghal,Post office,Youghal County Cork ¬∑ (024) 92161,Cork
An Post Rosscarbery,Post office,Rosscarbery County Cork,Cork
An Post Kilbrittain,Post office,Kilbrittain County Cork ¬∑ (023) 884 9646,Cork
An Post Baile Mhic √çre,Post office,Ballymakeery County Cork,Cork
An Post Castletownroche,Post office,Mallow County Cork ¬∑ (022) 26112,Cork
Castletownbere Post Office,Post office,Castletown-Bearhaven County Cork ¬∑ (027) 70001,Cork
An Post Mitchelstown,Post office,Mitchelstown County Cork ¬∑ (025) 24047,Cork
An Post Clondrohid,Post office,Macroom County Cork ¬∑ (026) 41233,Cork
An Post Ballydehob,Post office,Ballydehob County Cork ¬∑ (028) 37110,Cork
An Post Macroom,Post office,Macroom County Cork ¬∑ (026) 41075,Cork
An Post Cloghroe,Post office,Cloghroe County Cork ¬∑ (021) 438 5162,Cork
An Post Timoleague,Post office,Timoleague County Cork ¬∑ (023) 884 6117,Cork
An Post Delivery Unit Little Island,Post office,Little Island County Cork,Cork
An Post Blackpool,Post office,Cork ¬∑ (021) 430 7829,Cork
An Post R√© na nDoir√≠,Post office,Renaniree County Cork,Cork
An Post Durrus,Post office,Durrus County Cork ¬∑ (027) 61001,Cork
An Post,Post office,Kinsale County Cork,Cork
An Post Schull,Post office,Schull County Cork ¬∑ (028) 28110,Cork
An Post Bantry,Post office,Bantry County Cork ¬∑ (027) 50050,Cork
An Post Togher,Post office,Cork ¬∑ (021) 496 9480,Cork
An Post Kanturk,Post office,Kanturk County Cork ¬∑ (029) 50001,Cork
An Post Goleen,Post office,Goleen County Cork,Cork
Ballinadee Postal Agency,Post office,Bandon County Cork ¬∑ (021) 477 8277,Cork
An Post DSU,Post office,Bandon County Cork ¬∑ (023) 884 1414,Cork
An Post Eyeries,Post office,Eyeries County Cork ¬∑ (027) 74001,Cork
An Post Sorting Office/Collection point,Mailing service,Ballinrea Business Park County Cork,Cork
Maurice Healy's Newsagents / an post,Post office,Ballincollig County Cork ¬∑ (021) 487 0659,Cork
Post Office,Post office,Rathmore County Kerry ¬∑ (064) 776 1597,Cork
Bank Place,Post office,Castletown-Bearhaven County Cork ¬∑ (027) 70001,Cork
An Post,Post office,Donegal ¬∑ (074) 972 1024,Donegal
Glencar Post Office,Post office,Letterkenny County Donegal ¬∑ (074) 912 9344,Donegal
An Post Carrick,Post office,Carrick County Donegal ¬∑ (074) 973 9001,Donegal
An Post Raphoe (Raphoe Post Office),Post office,Raphoe County Donegal ¬∑ (074) 917 3882,Donegal
An Post Breenagh,Post office,Letterkenny County Donegal ¬∑ (074) 912 1249,Donegal
Clonmany Post Office,Post office,Clonmany County Donegal ¬∑ (074) 937 6152,Donegal
Post Office Depot LetterKenny,Post office,Letterkenny County Donegal ¬∑ (074) 912 2287,Donegal
An Post Bridge End,Post office,Bridge End County Donegal ¬∑ (074) 936 8228,Donegal
An Post Ramelton,Post office,Ramelton County Donegal ¬∑ (074) 915 1001,Donegal
Cloghore Post Office,Post office,Ballyshannon County Donegal ¬∑ (071) 985 1311,Donegal
An Post Muff,Post office,Muff County Donegal ¬∑ (074) 938 4489,Donegal
An Post Letterkenny,Post office,Letterkenny County Donegal ¬∑ (074) 912 2287,Donegal
Redcastle Post Office,Post office,Lifford County Donegal ¬∑ (074) 938 2176,Donegal
An Post Carndonagh Post Office,Post office,Carndonagh County Donegal ¬∑ (074) 937 4101,Donegal
An Post Newtowncunningham,Post office,Newtown Cunningham County Donegal ¬∑ (074) 915 6886,Donegal
An Post Malin,Post office,Malin County Donegal,Donegal
An Post Pettigo,Post office,Pettigo County Donegal ¬∑ (071) 986 1511,Donegal
An Post Ballyshannon,Post office,County Donegal ¬∑ (071) 985 1111,Donegal
An Post An Cloch√°n Liath,Post office,Dungloe County Donegal ¬∑ (074) 952 1067,Donegal
An Post Mountcharles,Post office,Mountcharles County Donegal ¬∑ (074) 973 5001,Donegal
An Post Bundoran,Post office,Bundoran County Donegal ¬∑ (071) 984 1224,Donegal
An Post Killybegs,Post office,Killybegs County Donegal ¬∑ (074) 973 1060,Donegal
An Post Manorcunningham,Post office,Manorcunningham County Donegal,Donegal
An Post Kilcar,Post office,Kilcar County Donegal ¬∑ (074) 973 8001,Donegal
An Post Ballybofey,Post office,Ballybofey County Donegal ¬∑ (074) 913 1001,Donegal
An Post Greencastle,Post office,Lifford County Donegal ¬∑ (074) 938 1001,Donegal
An Post Convoy,Post office,Convoy County Donegal ¬∑ (074) 914 7112,Donegal
An Post Malin Head,Post office,County Donegal ¬∑ (074) 937 0112,Donegal
An Post Glenties,Post office,Glenties County Donegal ¬∑ (074) 955 1101,Donegal
An Post Portnoo,Post office,Portnoo County Donegal ¬∑ (074) 954 5113,Donegal
An Post Kerrykeel,Post office,Kerrykeel County Donegal ¬∑ (074) 915 0001,Donegal
An Post Rathmullan,Post office,Rathmullan County Donegal ¬∑ (074) 915 8131,Donegal
An Post Castlefin,Post office,County Donegal ¬∑ (074) 914 6110,Donegal
An Post Glencolumbkille,Post office,Glencolumbkille County Donegal ¬∑ (074) 973 0001,Donegal
An Post Carraig Airt,Post office,Carrickart County Donegal ¬∑ (074) 915 5101,Donegal
An Post Speenogue,Post office,County Donegal ¬∑ (074) 936 8166,Donegal
An Post An F√°l Carrach,Post office,Falcarragh County Donegal ¬∑ (074) 913 5110,Donegal
An Post Milford,Post office,County Donegal ¬∑ (074) 915 3259,Donegal
An Post Na D√∫naibh,Post office,Downings County Donegal ¬∑ (074) 915 5294,Donegal
An Post Delivery Services Unit,Post office,Lifford County Donegal,Donegal
An Post Moville,Post office,Moville County Donegal ¬∑ (074) 938 2016,Donegal
An Post Meenaneary,Post office,Carrick County Donegal ¬∑ (074) 973 9009,Donegal
An Post Cionn Caslach,Post office,Kincasslagh County Donegal ¬∑ (074) 954 3101,Donegal
An Post Doir√≠ Beaga,Post office,Derrybeg County Donegal ¬∑ (074) 953 1165,Donegal
An Post Ardara,Post office,Ardara County Donegal ¬∑ (074) 954 1101,Donegal
An Post Anagaire,Post office,Annagry County Donegal ¬∑ (074) 954 8101,Donegal
An Post Carrigans,Post office,Carrigans County Donegal ¬∑ (074) 914 0110,Donegal
An Post Baile L√°ir,Post office,Magheradrumman County Donegal ¬∑ (074) 915 9203,Donegal
An Post Arranmore Island,Post office,Leabgarrow County Donegal ¬∑ (074) 952 0501,Donegal
An Post Creeslough,Post office,Creeslough County Donegal ¬∑ (074) 913 8001,Donegal
An Post Brinlock,Post office,Brinlack County Donegal ¬∑ (074) 953 1010,Donegal
An Post Ballintra,Post office,Ballintra County Donegal,Donegal
An Post St Johnston,Post office,St Johnston County Donegal ¬∑ (074) 914 8101,Donegal
An Post Bruckless,Post office,Bruckless County Donegal ¬∑ (074) 973 7009,Donegal
An Post Lifford,Post office,(074) 914 1533,Donegal
An Post Leitir Mhic An Bhaird,Post office,Lettermacaward County Donegal ¬∑ (074) 954 4101,Donegal
An Post Buncrana,Post office,Buncrana County Donegal ¬∑ (074) 936 1010,Donegal
Dunlewey PO,Post office,County Donegal ¬∑ (074) 956 0780,Donegal
River Valley Post Office,Post office,Swords County Dublin ¬∑ (01) 840 0051,Dublin
Swords Post Office,Post office,Swords Central E Main St ¬∑ (01) 810 7200,Dublin
An Post Postpoint,Post office,64-66 Applewood Main St ¬∑ (01) 807 4757,Dublin
An Post Swords & Malahide Delivery Service Unit,Post office,Swords Business Campus 4 Seatown Rd ¬∑ (01) 897 0000,Dublin
An Post Ballymun Centre,Post office,Dublin 11 ¬∑ (01) 842 4526,Dublin
Post Office,Post office,Portmarnock County Dublin,Dublin
An Post Lorcan Ave,Post office,Dublin 9 ¬∑ (01) 862 0090,Dublin
Post Office,Post office,Dublin 9 ¬∑ (01) 837 3587,Dublin
An Post,Post office,Dublin ¬∑ (01) 847 0728,Dublin
Kilbarrack Post Office,Post office,Dublin 5 ¬∑ (01) 848 0636,Dublin
An Post Finglas Post Office,Post office,Dublin ¬∑ (01) 834 6962,Dublin
An Post Malahide,Post office,Malahide County Dublin ¬∑ (01) 845 2278,Dublin
An Post Glasnevin Avenue,Post office,Dublin 11 ¬∑ (01) 842 2887,Dublin
Edenmore Post Office,Post office,Dublin ¬∑ (01) 848 2653,Dublin
Coolock Post Office,Post office,Dublin 5 ¬∑ (01) 848 0803,Dublin
Santry Omni Shopping Centre Post Office,Post office,Dublin 9 ¬∑ (01) 842 7075,Dublin
Artane Post Office,Post office,Dublin ¬∑ (01) 831 0716,Dublin
An Post Donaghmede Post Office,Post office,Dublin ¬∑ (01) 848 4314,Dublin
An Post,Post office,Dublin ¬∑ (01) 838 6902,Dublin
Ballygall Road East Post Office,Post office,Dublin ¬∑ (01) 834 7011,Dublin
St Mobhi Post Office,Post office,Dublin 9 ¬∑ (01) 837 4172,Dublin
An Post Post Office,Post office,Dublin 5 ¬∑ (01) 831 1051,Dublin
Raheny Post Office,Post office,Dublin 5 ¬∑ (01) 831 1400,Dublin
Kelen,Post office,Dublin,Dublin
An Post Dorset Street,Post office,Dublin 1 ¬∑ (01) 878 8067,Dublin
An Post,Post office,Dublin 7 ¬∑ (01) 873 3606,Dublin
An Post Lomond Avenue - Sorting Office,Post office,County Dublin ¬∑ (01) 837 9777,Dublin
Drumcondra Post Office,Post office,Dublin 9 ¬∑ (01) 837 4391,Dublin
Harmonstown Post Office,Post office,Dublin,Dublin
Post Office,Post office,Dublin 12 ¬∑ (01) 455 9737,Dublin
Botanic Road Post Office,Post office,Dublin 9,Dublin
An Post Drumcondra,Post office,Dublin 9 ¬∑ (01) 830 5056,Dublin
Phibsborough Post Office,Post office,Dublin ¬∑ (01) 830 1854,Dublin
Summerhill Post Office,Post office,Dublin 11 ¬∑ (01) 855 1387,Dublin
An Post,Post office,Dublin 13 ¬∑ (01) 832 3853,Dublin
Finglas South Post Office,Post office,Dublin ¬∑ (01) 864 2082,Dublin
Jamestown business park post office,Post office,Dublin,Dublin
An Post Erne Street Upper,Post office,Dublin 2 ¬∑ (01) 677 5508,Dublin
An Post General Post Office,Post office,Dublin 1 ¬∑ (01) 705 7600,Dublin
An Post,Post office,Dublin 3 ¬∑ (01) 874 0545,Dublin
Cabra Post Office,Post office,Dublin ¬∑ (01) 838 9520,Dublin
An Post Harmonstown Delivery Service Unit,Post office,Dublin 5 ¬∑ (01) 831 7985,Dublin
Faussagh Avenue Post Office,Post office,Dublin 7 ¬∑ (01) 838 9520,Dublin
An Post Blanchardstown Village,Post office,Dublin.15 County Dublin ¬∑ (01) 705 7600,Dublin
Harold's Cross Post Office,Post office,Dublin 6W County Dublin ¬∑ (01) 497 2485,Dublin
An Post - Clonshaugh Delivery Office,Mailing service,Dublin ¬∑ (01) 848 3944,Dublin
Post Delivery Services Unit,Post office,Dublin ¬∑ (01) 717 0800,Dublin
An Post Usher's Quay,Post office,Dublin 8 ¬∑ (01) 677 9201,Dublin
An Post Killester,Post office,Dublin ¬∑ (01) 833 0645,Dublin
An Post,Post office,Dublin ¬∑ (01) 454 7528,Dublin
St. Andrew's St. Post Office,Post office,Dublin 2 ¬∑ (01) 705 8256,Dublin
Post Office,Post office,Dublin ¬∑ (01) 453 5184,Dublin
Ringsend Post Office,Post office,Dublin 4 ¬∑ (01) 668 9550,Dublin
An Post Earlsfort Terrace,Post office,Dublin 2 ¬∑ (01) 662 3192,Dublin
An Post,Post office,Dublin ¬∑ (01) 838 8979,Dublin
An Post Marino,Post office,Dublin 3 ¬∑ (01) 833 9790,Dublin
An Post,Post office,Dublin 13 ¬∑ (01) 861 8801,Dublin
Merrion Row Post Office,Post office,Dublin ¬∑ (01) 676 5961,Dublin
An Post Sorting Office,Post office,Dublin 1 ¬∑ (01) 705 7306,Dublin
An Post Upper Baggot Street,Post office,Dublin 4 ¬∑ (01) 667 4665,Dublin
James's Street Post Office,Post office,Dublin 8 ¬∑ (01) 677 9063,Dublin
Sundrive Post office,Post office,Dublin 6W County Dublin ¬∑ (01) 492 1869,Dublin
Anpost,Post office,Dublin,Dublin
Ranelagh Post Office,Post office,Dublin ¬∑ (01) 497 6084,Dublin
Creighans Post Office,Post office,Dublin ¬∑ (01) 454 6866,Dublin
An Post Sutton Post Office,Post office,Sutton County Dublin ¬∑ (01) 832 5465,Dublin
AnPost Capagh,Post office,Dublin,Dublin
An Post - Terenure Post Office,Post office,Dublin 6W County Dublin ¬∑ (01) 490 7792,Dublin
Ashtown Post Office,Post office,Dublin 15 ¬∑ (01) 838 2179,Dublin
Post Office,Post office,Dublin ¬∑ (01) 820 3890,Dublin
An Post Finglas Delivery services unit,Post office,Dublin,Dublin
An Post Leonard's Corner,Post office,Dublin 8 ¬∑ (01) 454 3692,Dublin
Rialto Post Office,Post office,Dublin 8 ¬∑ (01) 453 2109,Dublin
Rathmines Post Office DSU,Post office,Dublin 6 ¬∑ (01) 497 2317,Dublin
Post office,Post office,Dublin 6W County Dublin,Dublin
An Post Lusk,Post office,Lusk County Dublin ¬∑ (01) 843 8658,Dublin
An Post - Coolmine Industrial Estate,Post office,Dublin ¬∑ (01) 820 1177,Dublin
Inchicore Post Office,Post office,Dublin ¬∑ (01) 453 4530,Dublin
An Post Upper Ballyfermot,Post office,Dublin 10 ¬∑ (01) 626 7736,Dublin
Post Office,Post office,Dublin 15 ¬∑ (01) 820 7710,Dublin
An Post Ballsbridge,Post office,Dublin ¬∑ (01) 668 4979,Dublin
An Post,Post office,Dublin 6W County Dublin,Dublin
Clonsilla Post Office,Post office,Dublin 15 ¬∑ (01) 821 3176,Dublin
An Post Claddagh Green,Post office,Dublin ¬∑ (01) 626 5716,Dublin
An Post Dolphin's Barn,Post office,Dublin 8 ¬∑ (01) 453 5184,Dublin
An Post Direct Mail Services,Mailing service,Dublin ¬∑ (01) 705 8600,Dublin
Post Office,Post office,Dublin 20 ¬∑ (01) 626 1251,Dublin
An Post Mulhuddart,Post office,Dublin ¬∑ (01) 823 7108,Dublin
Blanchardstown Centre Post Office,Post office,Dublin ¬∑ (01) 820 3900,Dublin
Correio An Post,Post office,Dublin,Dublin
Anpost,Post office,Dublin 15 ¬∑ (01) 821 3176,Dublin
Walkinstown Post Office,Post office,Dublin ¬∑ (01) 450 6290,Dublin
An Post Ballyfermot,Post office,Dublin 10 ¬∑ (01) 626 9801,Dublin
Drummartin Post Office,Post office,Dublin ¬∑ (01) 295 1421,Dublin
An Post,Post office,Dublin 15,Dublin
An Post Galtymore Road,Post office,Dublin 12 ¬∑ (01) 455 7324,Dublin
North Strand Post Office,Post office,Dublin ¬∑ (01) 874 0110,Dublin
Post Office,Post office,Rush County Dublin ¬∑ (01) 843 7201,Dublin
An Post Delivery Service Unit,Post office,Dublin ¬∑ (01) 865 2220,Dublin
Post Office,Post office,Blackrock County Dublin ¬∑ (01) 289 4377,Dublin
Post Office,Post office,D√∫n Laoghaire County Dublin ¬∑ (01) 280 2680,Dublin
Crumlin Post Office,Post office,Dublin 12 ¬∑ (01) 455 8403,Dublin
An Post Drimnagh,Post office,Dublin 12 ¬∑ (01) 455 7361,Dublin
Post,Post office,Dublin 12 ¬∑ (01) 456 0360,Dublin
Ballyowen Post Office,Post office,Lucan County Dublin ¬∑ (01) 601 1222,Dublin
An Post,Post office,Dublin ¬∑ (01) 295 1533,Dublin
An Post Parcel Depot,Post office,St Agnes Rd ¬∑ (01) 455 8322,Dublin
Nutgrove Post Office,Post office,Dublin ¬∑ (01) 493 3413,Dublin
Rathfarnham Post Office,Post office,Dublin 14 ¬∑ (01) 490 4495,Dublin
Rush Post Office,Post office,Rush County Dublin,Dublin
Dundrum Post Office,Post office,County Dublin ¬∑ (01) 298 2776,Dublin
Post Office,Post office,Dublin ¬∑ (01) 230 0140,Dublin
An Post - Blackrock,Post office,Dublin ¬∑ (01) 283 4038,Dublin
An Post Orchardstown,Post office,Dublin ¬∑ (01) 494 7256,Dublin
An Post,Post office,Dublin ¬∑ (01) 288 2063,Dublin
Cappagh Shopping Centre - Cappagh Yongs Takeaway,Post office,Dublin 11,Dublin
Knocklyon Post Office,Post office,Dublin 16 ¬∑ (01) 494 2594,Dublin
An Post Howth,Post office,County Dublin,Dublin
Sandyford post office,Post office,Dublin 16 ¬∑ (01) 295 6302,Dublin
Post Office,Post office,Lucan County Dublin ¬∑ (01) 628 2320,Dublin
Post Office,Post office,Dublin 22 ¬∑ (01) 457 1283,Dublin
Killiney Post Office,Post office,Dun Laoghaire County Dublin ¬∑ (01) 285 8604,Dublin
An Post Churchtown,Post office,Dublin 14 ¬∑ (01) 298 6687,Dublin
Ballyboden Post Office,Post office,Dublin 16 ¬∑ (01) 493 2479,Dublin
Post Office,Post office,Dublin 22 ¬∑ (01) 457 4815,Dublin
Ballinteer Post Office,Post office,Dublin ¬∑ (01) 298 1874,Dublin
An Post Neilstown,Post office,Dublin 22 ¬∑ (01) 457 0088,Dublin
Kennedys Post Office,Post office,Dublin ¬∑ (01) 295 5645,Dublin
Lornlines,Post office,Dublin,Dublin
An Post Tallaght,Post office,Dublin 24 ¬∑ (01) 459 8553,Dublin
Sallynoggin Post Office,Post office,Dublin ¬∑ (01) 285 4418,Dublin
ACN Europe,Post office,Dublin ¬∑ (01) 687 5363,Dublin
An Post Glenview,Post office,Tallaght County Dublin ¬∑ (01) 451 1986,Dublin
Belfield Post Office,Post office,Dublin 4 ¬∑ (01) 260 0861,Dublin
Post Office,Post office,Dalkey County Dublin ¬∑ (01) 285 0059,Dublin
An Post,Post office,Galway ¬∑ (091) 534 727,Galway
An Post Renmore,Post office,Galway ¬∑ (091) 755 527,Galway
Salthill Post Office,Post office,Galway ¬∑ (091) 521 927,Galway
Barna Oifig an Phoist,Post office,Bearna County Galway ¬∑ (091) 592 142,Galway
Fr Griffin Road Post Office,Post office,Galway ¬∑ (091) 584 020,Galway
Seamus Quirke Road Post Office,Post office,Galway ¬∑ (091) 524 712,Galway
Clarinbridge Post Office,Post office,County Galway ¬∑ (091) 796 105,Galway
An Post Lackagh Turloughmore,Post office,Turloughmore County Galway ¬∑ (091) 797 101,Galway
Post Office,Post office,County Galway,Galway
An Post Bohermore,Post office,Galway ¬∑ (091) 562 664,Galway
An Post Derrynea,Post office,County Galway ¬∑ (091) 572 122,Galway
An Post Mervue,Post office,County Galway ¬∑ (091) 753 283,Galway
Newcastle Post Office,Post office,Galway ¬∑ (091) 521 893,Galway
An Post Kilcolgan,Post office,Kilcolgan County Galway ¬∑ (091) 796 101,Galway
Post Office,Post office,Tuam County Galway ¬∑ (093) 41771,Galway
Post Office,Post office,County Galway ¬∑ (090) 967 9271,Galway
An Post Dunmore,Post office,Tuam County Galway ¬∑ (093) 38130,Galway
An Post Claregalway,Post office,Claregalway County Galway ¬∑ (091) 798 101,Galway
An Post Moycullen,Post office,Moycullen County Galway ¬∑ (091) 555 101,Galway
Post Office,Post office,(090) 967 9291,Galway
Post Office,Post office,Tuam County Galway ¬∑ (093) 49211,Galway
An Post Lettermore,Post office,County Galway ¬∑ (091) 551 111,Galway
Craughwell Post Office,Post office,Galway ¬∑ (091) 846 001,Galway
An Post Corrandulla,Post office,Corrandulla County Galway ¬∑ (091) 791 333,Galway
An Post Cill Chiarain,Post office,Kilkieran County Galway ¬∑ (095) 33406,Galway
An Post Gort,Post office,Gort County Galway ¬∑ (091) 631 028,Galway
An Post Headford,Post office,Headford County Galway ¬∑ (093) 35410,Galway
An Post Milltown Tuam,Post office,Milltown County Galway ¬∑ (093) 51321,Galway
Post Office,Post office,Ballinasloe County Galway ¬∑ (090) 967 7084,Galway
Post Office,Post office,Glenamaddy County Galway ¬∑ (094) 965 9164,Galway
An Post Kilconly,Post office,Kilconly County Galway ¬∑ (093) 47615,Galway
An Post Cummer,Post office,Tuam County Galway ¬∑ (093) 41552,Galway
An Post An Cheathr√∫ Rua,Post office,County Galway ¬∑ (091) 595 127,Galway
An Post Tuam,Post office,Tuam County Galway ¬∑ (093) 24163,Galway
An Post Oranmore,Post office,Oranmore County Galway ¬∑ (091) 794 101,Galway
An Post Williamstown,Post office,Williamstown County Galway ¬∑ (094) 964 3001,Galway
An Post Galway Mails Centre,Post office,Galway ¬∑ (091) 778 700,Galway
An Post Moylough,Post office,County Galway ¬∑ (090) 967 9271,Galway
An Post Ballygar,Post office,County Galway,Galway
An Post Mountbellew,Post office,County Galway ¬∑ (090) 967 9291,Galway
An Post Athenry,Post office,Athenry County Galway ¬∑ (091) 844 039,Galway
Post Office,Post office,Ballinasloe County Galway ¬∑ (090) 968 7631,Galway
An Post Ahascragh,Post office,Ahascragh County Galway,Galway
An Post Portumna,Post office,Portumna County Galway ¬∑ (090) 974 1200,Galway
An Post Belclare,Post office,Belclare County Galway ¬∑ (093) 55411,Galway
An Post Oughterard,Post office,Oughterard County Galway ¬∑ (091) 552 201,Galway
An Post Kinvara,Post office,Kinvarra County Galway,Galway
An Post Carna,Post office,Galway ¬∑ (095) 32231,Galway
An Post Leenane,Post office,Leenaun County Galway ¬∑ (095) 42234,Galway
An Post Sraith Salach,Post office,Recess County Galway ¬∑ (095) 34601,Galway
An Post Roundstone,Post office,Galway ¬∑ (095) 35831,Galway
An Post Loughrea,Post office,Loughrea County Galway ¬∑ (091) 841 111,Galway
An Post Tynagh,Post office,Loughrea County Galway ¬∑ (090) 974 5101,Galway
An Post Cappataggle,Post office,Ballinasloe County Galway ¬∑ (091) 843 045,Galway
An Post DSU Sorting Office,Post office,Tuam County Galway ¬∑ (093) 52724,Galway
An Post Ballinasloe,Post office,Ballinasloe County Galway ¬∑ (090) 964 4824,Galway
An Post DSU Sorting Office,Post office,Galway,Galway
An Post Letterfrack,Post office,Letterfrack County Galway ¬∑ (095) 41023,Galway
An Post Kilconnell,Post office,Ballinasloe County Galway ¬∑ (090) 968 6641,Galway
Inis Meain Post Office & Convenience Store,Post office,County Galway,Galway
An Post Clifden,Post office,Clifden County Galway ¬∑ (095) 21138,Galway
Bealadangan P.O.,Post office,Bealadangan County Galway ¬∑ (091) 572 126,Galway
An Post DSU Sorting Office,Post office,County Galway,Galway
An Post Claddaghduff,Post office,Clifden County Galway ¬∑ (095) 44673,Galway
An Post Cornamona,Post office,Claremorris County Galway ¬∑ (094) 954 8001,Galway
Post Office,Post office,Rathmore County Kerry ¬∑ (064) 776 1597,Kerry
Castleisland Post Office,Post office,Castleisland County Kerry ¬∑ (066) 714 1201,Kerry
Post Office,Post office,Tralee County Kerry ¬∑ (066) 713 5144,Kerry
Castlegregory Post Office,Post office,Tralee County Kerry ¬∑ (066) 713 9131,Kerry
Post Office,Post office,Tralee County Kerry ¬∑ (066) 713 2151,Kerry
Tralee Post Office,Post office,Tralee County Kerry ¬∑ (01) 705 7600,Kerry
An Post Rock Street,Post office,Tralee County Kerry ¬∑ (066) 712 1035,Kerry
An Post Ballyheigue,Post office,Ballyheige County Kerry ¬∑ (066) 713 3147,Kerry
Post Office,Post office,Milltown County Kerry ¬∑ (066) 976 7301,Kerry
An Post Ballyduff,Post office,Tralee County Kerry ¬∑ (066) 713 1151,Kerry
An post Causeway,Post office,County Kerry,Kerry
An Post Ceann Tr√°,Post office,Tralee County Kerry ¬∑ (066) 915 9060,Kerry
Post Office,Post office,Portmagee County Kerry ¬∑ (066) 947 7101,Kerry
An Post Tuosist,Post office,Killarney County Kerry ¬∑ (064) 668 4201,Kerry
An Post Kilcummin,Post office,Kilcummin County Kerry ¬∑ (064) 664 3127,Kerry
Duagh Post Office,Post office,Listowel County Kerry ¬∑ (068) 45355,Kerry
Glencar Post Office,Post office,Glencar County Kerry ¬∑ (066) 976 0101,Kerry
An Post Farranfore,Post office,Kerry ¬∑ (066) 976 4110,Kerry
Post Office,Post office,Beaufort County Kerry ¬∑ (064) 664 4261,Kerry
An Post,Post office,Beaufort County Kerry ¬∑ (064) 664 4101,Kerry
An Post Killorglin,Post office,Killorglin County Kerry ¬∑ (066) 976 1101,Kerry
Mastergeehy Post Office,Post office,Waterville County Kerry ¬∑ (066) 947 4131,Kerry
an post,Post office,Raycoslough County Kerry,Kerry
Ballinskelligs Post Office,Post office,Ballinskelligs County Kerry ¬∑ (066) 947 9221,Kerry
Post Office,Shipping and mailing service,Listowel County Kerry ¬∑ (068) 48101,Kerry
An Post Glenbeigh,Post office,Glenbeigh County Kerry ¬∑ (066) 976 8201,Kerry
An Post Sneem,Post office,Sneem County Kerry ¬∑ (064) 664 5110,Kerry
An Post,Post office,Tiernaboul County Kerry ¬∑ (064) 662 5400,Kerry
An Post,Post office,Dingle County Kerry ¬∑ (066) 915 1661,Kerry
An Post Tarbert,Post office,Tarbert County Kerry ¬∑ (068) 36100,Kerry
An Post Ballybunion,Post office,Ballybunion County Kerry,Kerry
An Post Annascaul,Post office,Annascaul County Kerry ¬∑ (066) 915 7101,Kerry
An Post Cordal,Post office,Castleisland County Kerry ¬∑ (066) 714 1401,Kerry
An Post Kenmare,Post office,Kenmare County Kerry ¬∑ (064) 664 1490,Kerry
An Post Waterville,Post office,Waterville County Kerry ¬∑ (066) 947 4100,Kerry
An Post Abbeydorney,Post office,County Kerry ¬∑ (066) 713 5141,Kerry
An Post Castlecove,Post office,Castlecove County Kerry,Kerry
Post Office,Post office,Naas County Kildare ¬∑ (045) 860 545,Kildare
Post Office,Post office,County Kildare ¬∑ (045) 860 228,Kildare
Kill Post Office,Post office,Kill County Kildare ¬∑ (045) 877 312,Kildare
Post Office,Post office,Clane County Kildare ¬∑ (045) 868 261,Kildare
Post Office,Post office,Celbridge County Kildare ¬∑ (01) 628 8550,Kildare
Straffan Post Office,Post office,Straffan County Kildare ¬∑ (01) 628 8401,Kildare
An Post,Post office,County Kildare,Kildare
Prosperous Post Office,Post office,Prosperous County Kildare ¬∑ (045) 868 136,Kildare
Newbridge Post Office,Post office,Newbridge County Kildare ¬∑ (045) 431 489,Kildare
Sallins Post Office,Post office,Naas County Kildare ¬∑ (045) 866 000,Kildare
An Post Allenwood,Post office,Naas County Kildare ¬∑ (045) 860 234,Kildare
Kildare Post Office,Post office,Kildare ¬∑ (045) 521 349,Kildare
Kilcullen Post Office,Post office,Kilcullen County Kildare ¬∑ (045) 481 211,Kildare
Moorefield Post Office,Post office,Newbridge County Kildare ¬∑ (045) 486 168,Kildare
Leixlip Post Office,Post office,Leixlip County Kildare ¬∑ (01) 624 4528,Kildare
An Post,Post office,Kilcock County Kildare ¬∑ (01) 628 7201,Kildare
An Post,Post office,Kilcullen County Kildare ¬∑ (045) 481 211,Kildare
An POST Collection Centre,Post office,County Kildare,Kildare
An Post,Post office,Maynooth County Kildare ¬∑ (01) 628 6259,Kildare
Post Office,Post office,Nurney County Kildare ¬∑ (045) 526 150,Kildare
An Post Depot Naas,Post office,Naas County Kildare ¬∑ (045) 896 100,Kildare
Carbury Post Office,Post office,Carbury County Kildare ¬∑ (046) 955 2846,Kildare
An Post,Post office,Ballymore Eustace County Kildare,Kildare
Bracknagh Post Office,Post office,Bracknagh County Kildare ¬∑ (045) 524 351,Kildare
An Post Curragh,Post office,Kildare ¬∑ (045) 441 223,Kildare
An Post - Carbury,Post office,Derrinturn Kildare,Kildare
Maynooth An Post DSU Sorting Office,Post office,Maynooth County Kildare ¬∑ (01) 629 3390,Kildare
An Post Newbridge Delivery Services Unit,Post office,Newbridge County Kildare ¬∑ (045) 431 480,Kildare
Castledermot Post Office,Post office,Kildare ¬∑ (059) 914 4191,Kildare
An Post Ballylinan,Post office,Athy County Kildare ¬∑ (059) 862 5111,Kildare
An Post Athy,Post office,Athy County Kildare ¬∑ (059) 863 1341,Kildare
John's Green Post Office,Post office,Kilkenny ¬∑ (056) 772 2963,Kilkenny
An Post,Post office,Kilkenny ¬∑ (056) 772 2719,Kilkenny
An Post,Post office,Kilkenny ¬∑ (056) 776 2327,Kilkenny
Post Office,Post office,Kilkenny ¬∑ (051) 895 101,Kilkenny
An Post,Post office,Kilkenny ¬∑ 1850 575 859,Kilkenny
Loughboy Post Office,Post office,Loughboy County Kilkenny ¬∑ (056) 776 1140,Kilkenny
Post Office,Post office,Kilmanagh County Kilkenny ¬∑ (056) 776 9240,Kilkenny
An Post Bennettsbridge,Post office,Bennettsbridge County Kilkenny ¬∑ (056) 772 7111,Kilkenny
Post Office,Post office,Graiguenamanagh-Tinnahinch County Kilkenny ¬∑ (059) 972 4202,Kilkenny
Goresbridge Post Office,Post office,Goresbridge County Kilkenny ¬∑ (059) 977 5393,Kilkenny
The Rower Post Office,Post office,The Rower Kilkenny ¬∑ (051) 423 610,Kilkenny
Callan Post Office,Post office,Callan County Kilkenny ¬∑ 1850 575 859,Kilkenny
An Post Gowran,Post office,Gowran County Kilkenny ¬∑ (056) 772 6111,Kilkenny
An Post Urlingford,Post office,Urlingford County Kilkenny,Kilkenny
An Post Castlecomer,Post office,County Kilkenny,Kilkenny
Paulstown Postal Agency,Post office,Paulstown County Kilkenny ¬∑ (059) 972 6101,Kilkenny
Hugginstown Postal Agency,Post office,Hugginstown County Kilkenny ¬∑ (056) 776 8605,Kilkenny
Post Office,Post office,Portlaoise County Laois ¬∑ (057) 866 1506,Laois
Post Office,Post office,County Laois ¬∑ (057) 873 2150,Laois
An Post Portlaoise Post Office,Post office,Portlaoise County Laois ¬∑ (057) 866 1506,Laois
Post Office,Post office,Stradbally County Laois ¬∑ (057) 862 5191,Laois
Durrow Post Office,Post office,Portlaoise County Laois ¬∑ (057) 873 6151,Laois
Post Office,Post office,Abbeyleix County Laois ¬∑ (057) 873 1230,Laois
An Post Portarlington,Post office,Portarlington County Laois ¬∑ (057) 862 3257,Laois
An Post,Post office,County Laois ¬∑ (057) 862 4234,Laois
An Post Cullahill,Post office,County Laois,Laois
An Post Bilboa,Post office,County Laois,Laois
An Post Clonaslee,Post office,Clonaslee County Laois ¬∑ (057) 864 8052,Laois
An Post,Post office,Borris-in-Ossory County Laois,Laois
Post Office,Post office,Carrick-On-Shannon County Leitrim ¬∑ (071) 962 0020,Leitrim
An Post Leitrim,Post office,Leitrim Village County Leitrim ¬∑ (071) 962 0801,Leitrim
Kilnagross Post Office,Post office,Carrick On Shannon County Leitrim ¬∑ (071) 964 2003,Leitrim
An Post Aghacashel,Post office,Carrick-on-Shannon County Leitrim ¬∑ (071) 964 1301,Leitrim
An Post Carrigallen,Post office,Carrigallen County Leitrim ¬∑ (049) 433 9601,Leitrim
An Post Drumkeeran,Post office,Leitrim ¬∑ (071) 964 3046,Leitrim
An Post Mohill,Post office,Mohill County Leitrim ¬∑ (071) 963 1100,Leitrim
Kinlough Post Office,Post office,Kinlough County Leitrim ¬∑ (071) 984 1411,Leitrim
An Post Ballinamore,Post office,Ballinamore County Leitrim ¬∑ (071) 964 4081,Leitrim
An Post Manorhamilton,Post office,Manorhamilton County Leitrim ¬∑ (071) 985 5001,Leitrim
An Post Kilclare,Post office,Kilclare County Leitrim ¬∑ (071) 964 1031,Leitrim
DHL Service Point (An Post Carrick On Shannon),Shipping and mailing service,Carrick-On-Shannon County Leitrim ¬∑ (01) 870 0790,Leitrim
An Post Drumsna,Post office,Drumsna County Leitrim ¬∑ (071) 962 4703,Leitrim
An Post Glenfarne,Post office,Glenfarne County Leitrim,Leitrim
An Post Kiltyclogher,Post office,Kiltyclogher County Leitrim ¬∑ (071) 985 4023,Leitrim
An Post Dromahair,Post office,(071) 916 4115,Leitrim
An Post,Post office,Co County Limerick ¬∑ (061) 317 027,Limerick
Post Office,Post office,Garden Mews County Limerick ¬∑ (069) 68100,Limerick
Thomondgate Post Office,Post office,Limerick ¬∑ (061) 454 750,Limerick
Upper William Post Office,Post office,Limerick ¬∑ (061) 409 805,Limerick
An Post,Post office,Limerick ¬∑ (061) 212 055,Limerick
Post Office,Post office,Doon County Limerick ¬∑ (061) 380 151,Limerick
An Post Edward Street,Post office,Limerick ¬∑ (061) 414 827,Limerick
Castletroy Post Office,Post office,Castletroy County Limerick ¬∑ (061) 330 736,Limerick
Post Office,Post office,Limerick ¬∑ (069) 76101,Limerick
Post Office,Post office,Kilmallock County Limerick ¬∑ (061) 383 101,Limerick
Dooradoyle Post Office,Post office,Limerick ¬∑ (061) 210 083,Limerick
An Post Caherdavin,Post office,Limerick ¬∑ (061) 451 506,Limerick
Ballyneety Post Office,Post office,Glen County Limerick ¬∑ (061) 352 112,Limerick
Post Office,Post office,Co County Limerick ¬∑ (061) 394 117,Limerick
Castleconnell Post Office,Post office,Castleconnell County Limerick ¬∑ (061) 377 101,Limerick
Cappamore Post Office,Post office,County Limerick ¬∑ (061) 381 201,Limerick
Post Office,Post office,Askeaton County Limerick ¬∑ (061) 392 101,Limerick
An Post Kilfinane,Post office,Kilfinane County Limerick ¬∑ (063) 91277,Limerick
An Post Garryowen,Post office,Limerick,Limerick
Post Office,Post office,Pallaskenry County Limerick ¬∑ (061) 393 101,Limerick
An Post,Post office,Roxboro County Limerick ¬∑ (061) 214 672,Limerick
An Post Mary Street,Post office,Limerick ¬∑ (061) 414 383,Limerick
An Post Murroe,Post office,County Limerick ¬∑ (061) 386 101,Limerick
Ballynantybeg post office,Post office,County Limerick,Limerick
An Post Askeaton,Post office,Askeaton County Limerick ¬∑ (061) 392 101,Limerick
An Post Caherconlish,Post office,Caherconlish County Limerick ¬∑ (061) 351 201,Limerick
An Post Kilmallock,Post office,Kilmallock County Limerick ¬∑ (063) 98020,Limerick
An Post Rathkeale,Post office,Rathkeale County Limerick ¬∑ (069) 64257,Limerick
An Post Patrickswell,Post office,Patrickswell County Limerick ¬∑ (061) 355 101,Limerick
An Post Old Pallas,Post office,Old Pallas County Limerick ¬∑ (061) 384 115,Limerick
An Post Bruree,Post office,Bruree County Limerick ¬∑ (063) 90501,Limerick
An Post Crecora,Post office,Crecora County Limerick ¬∑ (061) 355 113,Limerick
An Post Pallasgreen,Post office,Old Pallas County Limerick ¬∑ (061) 384 101,Limerick
An Post Oola,Post office,Oola County Limerick ¬∑ (062) 47633,Limerick
An Post Ballylanders,Post office,Ballylanders County Limerick ¬∑ (062) 46022,Limerick
An Post Bruff,Post office,County Limerick ¬∑ (061) 382 101,Limerick
An Post Newcastle West,Post office,Newcastle West County Limerick ¬∑ (069) 79478,Limerick
An Post Anglesborough,Post office,Anglesborough County Limerick ¬∑ (062) 46632,Limerick
Post Office,Post office,County Limerick ¬∑ (068) 31171,Limerick
An Post Shanagolden,Post office,Shanagolden County Limerick ¬∑ (069) 60101,Limerick
An Post Foynes,Post office,Foynes County Limerick ¬∑ (069) 65255,Limerick
An Post Adare,Post office,Adare County Limerick ¬∑ (061) 396 120,Limerick
An Post Galbally,Post office,Galbally County Limerick ¬∑ (062) 37918,Limerick
Anpost Sorting Office,Post office,County Limerick ¬∑ (069) 69101,Limerick
Buachailli Bo,Post office,Ardagh County Limerick ¬∑ 087 630 3226,Limerick
Kilmallock DSU An Post,Mailing service,County Limerick ¬∑ (063) 31101,Limerick
Post Office,Post office,Longford ¬∑ (043) 334 5051,Longford
Post Office,Post office,County Longford ¬∑ (043) 332 1101,Longford
An Post Ballyrevagh,Post office,Newtowncashel County Longford ¬∑ (043) 332 5108,Longford
An Post Keenagh,Post office,Keenagh County Longford ¬∑ (043) 332 2101,Longford
An Post Ardagh,Post office,Ardagh Village County Longford ¬∑ (043) 667 5001,Longford
An Post Ballinalee,Post office,Ballinalee County Longford ¬∑ (043) 332 3101,Longford
An Post Granard,Post office,Longford ¬∑ (043) 668 6511,Longford
An Post Edgeworthstown,Post office,County Longford ¬∑ (043) 667 1100,Longford
An Post Lanesboro,Post office,Lanesborough County Longford,Longford
An Post Ballymahon,Post office,Ballymahon County Longford ¬∑ (090) 643 2183,Longford
An Post Drumlish,Post office,Drumlish County Longford ¬∑ (043) 332 4101,Longford
Lyons,Post office,County Longford,Longford
Bells,Post office,Newtownforbes County Longford ¬∑ (043) 334 6997,Longford
Post Office,Post office,Dundalk County Louth ¬∑ (042) 933 0473,Louth
An Post Louth Village,Post office,Dundalk County Louth ¬∑ (042) 937 4181,Louth
Post Office,Post office,Dundalk County Louth ¬∑ (042) 933 4408,Louth
Post Office,Post office,Dundalk County Louth ¬∑ (042) 937 6167,Louth
An Post Castlebellingham,Post office,Dundalk County Louth ¬∑ (042) 937 2101,Louth
An Post Dundalk,Post office,Dundalk County Louth ¬∑ (042) 932 5200,Louth
An Post Collon,Post office,County Louth ¬∑ (041) 982 6157,Louth
Boyne centre post office,Post office,Drogheda County Louth ¬∑ (041) 983 5185,Louth
DSU Post Office,Post office,Drogheda County Louth ¬∑ (041) 983 8158,Louth
An Post Dunleer,Post office,Dunleer County Louth ¬∑ (041) 685 1301,Louth
An Post Bridge Street,Post office,Dundalk County Louth ¬∑ (042) 933 1000,Louth
An Post Ardee,Post office,Ardee County Louth ¬∑ (041) 685 3310,Louth
An Post Clogherhead,Post office,Clogherhead County Louth ¬∑ (041) 982 2201,Louth
An Post Yellowbatter,Post office,Drogheda County Louth ¬∑ (041) 983 6855,Louth
An Post Termonfeckin,Post office,Termonfeckin County Louth ¬∑ (041) 982 2612,Louth
An Post Drogheda,Post office,Drogheda County Louth ¬∑ (041) 983 7186,Louth
An Post Riverstown,Post office,Dundalk County Louth ¬∑ (042) 937 6167,Louth
An Post Carlingford,Post office,Carlingford County Louth ¬∑ (042) 937 3171,Louth
An Post Ballsgrove,Post office,Drogheda County Louth ¬∑ (041) 984 7584,Louth
An Post Dublin Street Post Office Tesco Xtra,Post office,Dundalk County Louth ¬∑ (042) 933 4001,Louth
An Post Jenkinstown,Post office,Jenkinstown County Louth,Louth
Mulligans Londis,Post office,Dundalk County Louth ¬∑ (042) 937 2262,Louth
Post Office,Post office,Castlebar County Mayo ¬∑ (094) 902 1020,Mayo
Kilkelly Post Office,Post office,Ballyhaunis County Mayo ¬∑ (094) 936 7001,Mayo
An Post Breaffy,Post office,County Mayo ¬∑ (094) 902 2017,Mayo
Post Office,Post office,Swinford County Mayo ¬∑ (094) 925 1112,Mayo
Kilmaine Post Office,Post office,Claremorris County Mayo ¬∑ (093) 33371,Mayo
Post Office Ballyhaunis,Post office,Ballyhaunis County Mayo ¬∑ (094) 963 0018,Mayo
Cloonfallagh Post Office,Post office,Claremorris County Mayo ¬∑ (094) 938 1414,Mayo
Kiltimagh Post Office,Post office,Kiltimagh County Mayo ¬∑ (094) 938 1250,Mayo
Post Office,Post office,Ballyvary County Mayo ¬∑ (094) 903 1001,Mayo
Post Office,Post office,Westport County Mayo ¬∑ (098) 21226,Mayo
An Post Tulrahan,Post office,Mayo ¬∑ (094) 938 0140,Mayo
An Post Lahardane,Post office,Lahardane County Mayo ¬∑ (096) 51001,Mayo
An Post Cong,Post office,County Mayo,Mayo
An Post Crossmolina,Post office,Crossmolina County Mayo ¬∑ (096) 30012,Mayo
Barnycarroll Post Office,Post office,Claremorris County Mayo ¬∑ (094) 937 1507,Mayo
An Post Ballina,Post office,Ballina County Mayo ¬∑ (096) 21498,Mayo
An Post An Clochar,Post office,Clogher County Mayo ¬∑ (097) 85672,Mayo
An Post Knock,Post office,Claremorris County Mayo,Mayo
Post Office,Post office,Ballycarra County Mayo ¬∑ (094) 903 2001,Mayo
An Post Newport,Post office,County Mayo ¬∑ (098) 41388,Mayo
An Post Killala,Post office,Killala County Mayo ¬∑ (096) 32022,Mayo
Post Office,Post office,Hollymount County Mayo ¬∑ (094) 954 0001,Mayo
An Post Ballycastle,Post office,Ballycastle County Mayo ¬∑ (096) 43265,Mayo
An Post Claremorris,Post office,County Mayo ¬∑ (094) 937 1025,Mayo
An Post Ardnaree,Post office,Ballina County Mayo ¬∑ (096) 22292,Mayo
An Post Foxford,Post office,County Mayo ¬∑ (094) 925 6101,Mayo
An Post Castlehill,Post office,County Mayo,Mayo
An Post Westport,Post office,Westport County Mayo ¬∑ (098) 27210,Mayo
An Post Ballinrobe,Post office,Ballinrobe County Mayo ¬∑ (094) 954 1013,Mayo
Tourmakeady Post Office,Post office,County Mayo ¬∑ (094) 954 4774,Mayo
Lissatava Post Office,Post office,Hollymount County Mayo ¬∑ (094) 954 0011,Mayo
An Post Kilmeena,Post office,Kilmeena County Mayo ¬∑ (098) 41252,Mayo
An Post Barr Na Tr√°,Post office,Barnatra County Mayo ¬∑ (097) 84111,Mayo
An Post Balla,Post office,Balla County Mayo,Mayo
An Post B√©al an Mhuirthead,Post office,County Mayo ¬∑ (097) 81032,Mayo
An Post Shrule,Post office,Mayo ¬∑ (093) 31291,Mayo
An Post Aghamore,Post office,Aghamore County Mayo ¬∑ (094) 936 7019,Mayo
Post Office,Post office,Louisburgh County Mayo,Mayo
An Post Gaoth S√°ile,Post office,Mayo ¬∑ (097) 86741,Mayo
An Post Ballycroy,Post office,Ballycroy County Mayo ¬∑ (098) 49917,Mayo
An Post DSU Sorting Office,Post office,Westport County Mayo ¬∑ (098) 53400,Mayo
An Post Gob An Choire,Post office,Achill Sound County Mayo ¬∑ (098) 45141,Mayo
An Post Cnoc√°n na L√≠ne,Post office,Broadhaven County Mayo ¬∑ (097) 81238,Mayo
An Post Ceathr√∫ Thaidhg,Post office,Ballina County Mayo ¬∑ (097) 88955,Mayo
An Post Mulraney,Post office,County Mayo,Mayo
An Post Bonniconlon,Post office,Bonniconlon County Mayo ¬∑ (096) 45001,Mayo
An Post Bangor Erris,Post office,Ballina County Mayo ¬∑ (097) 83461,Mayo
An Post Clare island,Post office,Westport County Mayo ¬∑ (098) 26987,Mayo
An Post An Geata M√≥r,Post office,Mayo ¬∑ (097) 81083,Mayo
An Post Bun Na Habhna,Post office,Mayo ¬∑ (097) 81057,Mayo
An Post Aghagower,Post office,Westport County Mayo ¬∑ (098) 25119,Mayo
An Post Gleann na Muaidhe & Petrol Station,Post office,Glenamoy County Mayo ¬∑ (097) 87841,Mayo
An Post,Post office,Ashbourne County Meath ¬∑ (01) 835 0181,Meath
An Post,Post office,Dunboyne County Meath ¬∑ (01) 825 5278,Meath
Post Office,Post office,Meath ¬∑ (046) 955 7001,Meath
Post Office,Post office,Stamullen County Meath ¬∑ (01) 802 0023,Meath
Post Office,Post office,Navan County Meath ¬∑ (046) 902 8383,Meath
Post Office Clonee,Post office,Clonee County Meath ¬∑ (01) 825 5255,Meath
Post office,Post office,Ballivor County Meath,Meath
An Post,Post office,Drumree County Meath,Meath
Blackcastle post Office,Post office,Navan County Meath ¬∑ (046) 902 3000,Meath
An Post,Post office,Ratoath County Meath ¬∑ (01) 825 6535,Meath
Dunshaughlin Post Office,Post office,Dunshaughlin County Meath ¬∑ (01) 825 9181,Meath
Johnstown Post Office,Post office,Navan County Meath ¬∑ (046) 905 0917,Meath
Post Office,Post office,Enfield County Meath ¬∑ (046) 954 1001,Meath
Laytown Post Office,Post office,Laytown County Meath ¬∑ (041) 982 7498,Meath
Post Office,Post office,Trim County Meath ¬∑ (046) 943 1268,Meath
Post Office,Post office,Athboy County Meath ¬∑ (046) 943 2138,Meath
An Post,Post office,Dunshaughlin County Meath ¬∑ (01) 825 8066,Meath
Post office,Post office,County Meath,Meath
Hill of Down Post Office,Post office,Enfield County Meath ¬∑ (046) 954 6201,Meath
Kilmessan Post Office & Grocery,Post office,Navan County Meath ¬∑ (046) 902 5201,Meath
An Post Lobinstown,Post office,Navan County Meath ¬∑ (046) 905 3131,Meath
An Post Delivery Unit,Post office,Navan County Meath ¬∑ (046) 903 0200,Meath
An Post Longwood,Post office,Longwood County Meath ¬∑ (046) 955 5013,Meath
An post,Post office,County Meath ¬∑ (046) 925 2671,Meath
Fordstown Post Office,Post office,Navan County Meath ¬∑ (046) 943 4121,Meath
Kilskyre Post Office,Post office,Kells County Meath ¬∑ (046) 924 3677,Meath
Bettystown Post Office,Post office,Bettystown County Meath ¬∑ (041) 982 7111,Meath
An Post Kells,Post office,County Meath ¬∑ (046) 924 0598,Meath
An Post Moynalty,Post office,Kells County Meath ¬∑ (046) 924 4300,Meath
An Post Drumconrath,Post office,Navan County Meath ¬∑ (041) 685 4100,Meath
An Post DSU Sorting Office,Post office,Navan County Meath ¬∑ (046) 903 0200,Meath
Duleek Post Office,Post office,Duleek County Meath ¬∑ (041) 982 3201,Meath
An Post Slane,Post office,Slane County Meath,Meath
An Post Oldcastle,Post office,Oldcastle County Meath ¬∑ (049) 854 1101,Meath
Navan Mail Centre,Post office,Navan County Meath ¬∑ (046) 903 0200,Meath
Beechmount Shopping Centre,Post office,Navan County Meath,Meath
Post Office,Post office,Carrickmacross County Monaghan ¬∑ (042) 966 7400,Monaghan
An Post Monaghan,Post office,Mullagh County Monaghan ¬∑ (047) 82286,Monaghan
An Post Carrickmacross Post Office,Post office,Carrickmacross County Monaghan ¬∑ (042) 966 1869,Monaghan
post delivery office,Post office,Castleblayney County Monaghan,Monaghan
An Post Scotstown,Post office,Scotstown County Monaghan ¬∑ (047) 89201,Monaghan
Clones Post Office,Post office,Clones County Monaghan ¬∑ (047) 51012,Monaghan
An Post Newbliss,Post office,Monaghan ¬∑ (047) 54001,Monaghan
An Post Ballybay,Post office,Ballybay County Monaghan ¬∑ (042) 974 1000,Monaghan
An Post DSU - Sorting Office,Post office,County Monaghan ¬∑ (047) 39202,Monaghan
An Post Killybrone,Post office,Monaghan ¬∑ (047) 87339,Monaghan
An Post Emyvale,Post office,Emyvale County Monaghan,Monaghan
An Post Latton,Post office,Latton County Monaghan ¬∑ (042) 974 2207,Monaghan
An Post Latnamard,Post office,Smithborough County Monaghan ¬∑ (042) 974 4898,Monaghan
An Post Tullamore Post Office,Post office,Tullamore County Offaly ¬∑ (057) 934 1487,Offaly
Killeigh Post Office,Post office,Tullamore County Offaly ¬∑ (057) 934 4131,Offaly
Castlejordan Post Office,Post office,Tullamore County Offaly ¬∑ (046) 973 9002,Offaly
Edenderry Post Office,Post office,Edenderry County Offaly ¬∑ (046) 973 1327,Offaly
Post Office,Post office,Tullamore County Offaly ¬∑ (046) 973 0001,Offaly
Clara Post Office,Post office,Clara County Offaly ¬∑ (057) 933 1197,Offaly
Post Office,Post office,Birr County Offaly ¬∑ (057) 912 0062,Offaly
An Post DAINGEAN,Post office,Daingean County Offaly ¬∑ (057) 935 3051,Offaly
Post Office,Post office,County Offaly ¬∑ (057) 913 5001,Offaly
An Post Ferbane,Post office,Birr County Offaly ¬∑ (090) 645 4301,Offaly
An Post Delivery Office,Mailing service,Tullamore County Offaly ¬∑ (057) 931 7304,Offaly
An Post Cloghan,Post office,Cloghan County Offaly ¬∑ (090) 645 7455,Offaly
An Post Kinnitty,Post office,Kinnitty County Offaly ¬∑ (057) 913 7001,Offaly
An Post Shinrone,Post office,Birr County Offaly ¬∑ (0505) 47101,Offaly
An Post Birr,Post office,Birr County Offaly,Offaly
An Post Banagher,Post office,Banagher County Offaly ¬∑ (057) 915 1363,Offaly
Roscommon Post Office,Post office,Roscommon ¬∑ (090) 662 6148,Roscommon
Post Office,Post office,Knockcroghery County Roscommon ¬∑ (090) 666 1129,Roscommon
Arigna Post Office,Post office,County Roscommon,Roscommon
Post Office,Post office,Athlone County Roscommon ¬∑ (090) 643 7101,Roscommon
Brideswell Post Office,Post office,Athlone County Roscommon ¬∑ (090) 648 8153,Roscommon
Lennon's Post Office,Post office,Ballintober County Roscommon,Roscommon
Post Office,Post office,Ballaghaderreen County Roscommon ¬∑ (094) 986 2728,Roscommon
An Post Roosky,Post office,Carrick On Shannon County Roscommon ¬∑ (071) 963 8001,Roscommon
Fairymount Post Office and Grocery Store,Post office,Frenchpark County Roscommon ¬∑ (094) 987 0241,Roscommon
An Post Strokestown,Post office,Strokestown County Roscommon ¬∑ (071) 963 3001,Roscommon
Cloonfad Post Office,Post office,County Roscommon,Roscommon
An Post Ballinlough,Post office,Castlerea County Roscommon ¬∑ (094) 964 0001,Roscommon
An Post Boyle,Post office,Boyle County Roscommon,Roscommon
An Post Castlerea,Post office,Castlerea County Roscommon,Roscommon
An Post DSU Sorting Office,Post office,County Roscommon,Roscommon
An Post Frenchpark,Post office,Frenchpark County Roscommon ¬∑ (094) 987 0006,Roscommon
An Post DSU Sorting office Boyle,Post office,County Roscommon,Roscommon
An Post Curraghboy,Post office,Athlone County Roscommon ¬∑ (090) 648 8100,Roscommon
An Post Knockcroghery,Post office,County Roscommon,Roscommon
An Post Ballaghaderreen,Post office,Ballaghaderreen County Roscommon ¬∑ (094) 986 2728,Roscommon
An Post Sorting Office,Post office,Roscommon ¬∑ (090) 662 6652,Roscommon
An Post Creggs,Post office,Creggs County Roscommon ¬∑ (090) 662 1110,Roscommon
Killoran's DayToday & Post Office,Post office,Ballyfarnon County Roscommon ¬∑ (071) 964 7004,Roscommon
An Post,Post office,Sligo ¬∑ (071) 915 9273,Sligo
An Post Maugheraboy,Post office,Magheraboy County Sligo ¬∑ (071) 916 2740,Sligo
An Post Castle Street Sligo,Post office,Sligo ¬∑ (071) 914 3078,Sligo
An Post Rosses Point,Post office,County Sligo ¬∑ (071) 917 7339,Sligo
An Post Riverstown,Post office,Riverstown County Sligo ¬∑ (071) 916 5101,Sligo
An Post Strandhill,Post office,Strandhill County Sligo ¬∑ (071) 916 8230,Sligo
An Post Grange,Post office,Grange County Sligo ¬∑ (071) 916 3141,Sligo
Easkey Post Office,Post office,Easkey County Sligo ¬∑ (096) 49001,Sligo
An Post Ballisodare,Post office,Ballysadare County Sligo ¬∑ (071) 916 7257,Sligo
An Post Collooney,Post office,Collooney County Sligo ¬∑ (071) 916 7101,Sligo
An Post Dromore West,Post office,Dromore West County Sligo ¬∑ (096) 47001,Sligo
An Post Beltra,Post office,Beltra County Sligo ¬∑ (071) 916 6601,Sligo
An Post Ballymote,Post office,Ballymote County Sligo ¬∑ (071) 918 3345,Sligo
An Post Ballygawley,Post office,Sligo ¬∑ (071) 916 7022,Sligo
An Post Aclare,Post office,County Sligo ¬∑ (071) 918 1764,Sligo
An Post Cloonacool,Post office,Tubbercurry County Sligo ¬∑ (071) 918 5037,Sligo
An Post Tubbercurry,Post office,Tubbercurry County Sligo ¬∑ (071) 918 5013,Sligo
An Post DSU Sorting office,Shipping and mailing service,Sligo ¬∑ (071) 917 4031,Sligo
An Post Enniscrone,Post office,Enniscrone County Sligo ¬∑ (096) 36392,Sligo
Post Office,Post office,Mullinahone County Tipperary ¬∑ (052) 915 3101,Tipperary
Post Office,Post office,County Tipperary ¬∑ (0504) 31058,Tipperary
Thurles Post Office,Post office,Thurles ¬∑ (0504) 21258,Tipperary
Post Office,Post office,Thurles County Tipperary ¬∑ (0504) 53201,Tipperary
Post Office,Post office,Kilbarron Village County Tipperary ¬∑ (067) 28020,Tipperary
Gortnahoe Post Office,Post office,Thurles County Tipperary ¬∑ (056) 883 4101,Tipperary
Post Office,Post office,Borrisoleigh County Tipperary ¬∑ (0504) 51101,Tipperary
Dolla Post Office,Post office,Nenagh County Tipperary ¬∑ (067) 25160,Tipperary
Old Post Office,Post office,Moher East County Tipperary,Tipperary
Golden Post Office,Post office,Golden County Tipperary ¬∑ (062) 72101,Tipperary
Irishtown Post Office,Post office,Clonmel County Tipperary ¬∑ (052) 612 1916,Tipperary
Rayy Post Office,Post office,Templemore County Tipperary,Tipperary
An Post,Post office,Tipperary ¬∑ (062) 51190,Tipperary
An Post Cloughjordan,Post office,Cloughjordan County Tipperary ¬∑ (0505) 42101,Tipperary
An Post Borrisokane,Post office,Borrisokane County Tipperary ¬∑ (067) 27189,Tipperary
Ardcroney Post Office,Post office,Ardcrony County Tipperary ¬∑ (067) 38212,Tipperary
An Post Clonoulty,Post office,Cashel County Tipperary ¬∑ (0504) 42111,Tipperary
Post Office,Post office,Nenagh County Tipperary ¬∑ (067) 26001,Tipperary
An Post Templemore,Post office,County Tipperary ¬∑ (0504) 31098,Tipperary
An Post Fethard,Post office,Fethard County Tipperary ¬∑ (052) 613 1217,Tipperary
Clonmel Main Post Office,Post office,Clonmel County Tipperary ¬∑ (052) 612 2486,Tipperary
An Post Ardfinnan,Post office,Ardfinnan County Tipperary ¬∑ (052) 613 1101,Tipperary
An Post Nenagh,Post office,Nenagh County Tipperary ¬∑ (067) 31209,Tipperary
An Post Roscrea,Post office,Roscrea County Tipperary ¬∑ (0505) 22864,Tipperary
An Post Delivery Services Unit,Post office,Thurles County Tipperary ¬∑ (0504) 27100,Tipperary
An Post Newport,Post office,County Tipperary ¬∑ 1850 575 859,Tipperary
An Post Kilsheelan,Post office,Kilsheelan County Tipperary ¬∑ (052) 613 3131,Tipperary
An Post Killea,Post office,Killea County Tipperary,Tipperary
An Post Ballyporeen,Post office,Cahir County Tipperary ¬∑ (052) 746 7101,Tipperary
An Post Cashel,Post office,Cashel County Tipperary ¬∑ (062) 61032,Tipperary
An Post Terryglass,Post office,Nenagh County Tipperary ¬∑ (067) 22037,Tipperary
An Post Cahir,Post office,Cahir County Tipperary ¬∑ (052) 744 1229,Tipperary
An Post Carrick on Suir,Post office,Carrick-on-Suir County Tipperary ¬∑ (051) 640 099,Tipperary
An Post Emly,Post office,Emly County Tipperary ¬∑ (062) 57151,Tipperary
An Post Killenaule,Post office,(052) 915 6201,Tipperary
An Post Clogheen,Post office,Clogheen County Tipperary ¬∑ (052) 746 5201,Tipperary
An Post Holycross,Post office,The Cottage County Tipperary,Tipperary
Barrack Street Post Office,Post office,130 Barrack St ¬∑ (051) 874 240,Waterford
GPO,Post office,Waterford ¬∑ (051) 317 312,Waterford
Newtown Post Office,Post office,Waterford ¬∑ (051) 857 413,Waterford
Cleaboy Post Office,Post office,Cleaboy Shopping Centre Cleaboy Rd ¬∑ (051) 376 958,Waterford
An Post Gracedieu,Post office,Gracedieu Post Office Hypercentre Morgan St ¬∑ (051) 874 326,Waterford
An Post Ferrybank,Post office,Waterford ¬∑ (051) 832 040,Waterford
Lisduggan Post Office,Post office,Tyrone Rd ¬∑ (051) 355 573,Waterford
Ballytruckle Post Office,Post office,Post Office 25 Poleberry ¬∑ (051) 872 305,Waterford
An Post Collection Point,Post office,Waterford ¬∑ (051) 875 783,Waterford
An post sorting office,Post office,Waterford,Waterford
Tramore Post Office,Post office,Tramore County Waterford ¬∑ (051) 390 196,Waterford
Post Office,Post office,Portlaw County Waterford ¬∑ (051) 387 106,Waterford
An Post Dunmore East,Post office,County Waterford ¬∑ (051) 383 110,Waterford
Post Office,Post office,Mullingar County Westmeath ¬∑ (044) 937 4111,Westmeath
Coole Post Office,Post office,Mullingar County Westmeath ¬∑ (044) 966 1101,Westmeath
Mullingar Post Office,Post office,Mullingar County Westmeath ¬∑ (044) 934 8360,Westmeath
Walderstown Post Office,Post office,Athlone County Westmeath ¬∑ (090) 648 5694,Westmeath
Post Office,Post office,Mullingar County Westmeath ¬∑ (044) 937 3101,Westmeath
Raharney Post Office,Post office,Raharney County Westmeath ¬∑ (044) 937 4316,Westmeath
Post Office,Post office,Mullingar County Westmeath ¬∑ (044) 935 6201,Westmeath
Castletown Geoghegan Post Office,Post office,Mullingar County Westmeath ¬∑ (044) 922 6111,Westmeath
An Post Kilbeggan,Post office,Mullingar County Westmeath ¬∑ (057) 933 2151,Westmeath
An Post Athlone Town Centre Post Office,Post office,Athlone County Westmeath ¬∑ (090) 647 2046,Westmeath
Rochfortbridge Post Office,Post office,Rochfortbridge County Westmeath ¬∑ (044) 922 2101,Westmeath
An Post Moate,Post office,Moate County Westmeath ¬∑ (090) 648 1101,Westmeath
Locatia ta,Post office,Mullingar County Westmeath,Westmeath
An post,Post office,Mullingar County Westmeath,Westmeath
An Post Athlone,Post office,Athlone County Westmeath ¬∑ (090) 643 5000,Westmeath
An Post Baylough,Post office,Athlone County Westmeath ¬∑ (090) 649 2907,Westmeath
An Post - Kinnegad,Post office,Kinnegad County Westmeath ¬∑ (044) 937 5111,Westmeath
An Post Castlepollard,Post office,Castlepollard County Westmeath ¬∑ (044) 966 1111,Westmeath
An Post Streamstown,Post office,County Westmeath,Westmeath
An Post,Post office,County Westmeath ¬∑ (090) 648 5298,Westmeath
Athlone Mail Centre (Ionad Poist Bhaile √Åtha Luain),Post office,Athlone County Westmeath ¬∑ 1850 575 859,Westmeath
Post Office,Post office,Wexford ¬∑ (053) 914 5314,Wexford
Post Office,Post office,Wexford ¬∑ (053) 912 2587,Wexford
Courtown Post Office,Post office,County Wexford,Wexford
An Post Castlebridge,Post office,Wexford ¬∑ (053) 915 9208,Wexford
Ballyfad Post Office,Post office,Gorey County Wexford ¬∑ (0402) 37175,Wexford
Post Office,Post office,Clonroche County Wexford ¬∑ (053) 925 5158,Wexford
Kilmuckridge Post Office,Post office,Kilmuckridge County Wexford ¬∑ (053) 913 0141,Wexford
Post Office,Post office,The Ballagh County Wexford ¬∑ (053) 913 6137,Wexford
Main Post Office,Post office,Enniscorthy County Wexford ¬∑ (053) 923 3565,Wexford
Bridgetown Post Office,Post office,Bridgetown County Wexford ¬∑ (053) 913 5140,Wexford
Post Office,Post office,Oylgate County Wexford ¬∑ (053) 913 8160,Wexford
Post Office,Post office,Killinierin County Wexford ¬∑ (0402) 37239,Wexford
Post Office,Post office,Oulart County Wexford ¬∑ (053) 913 6100,Wexford
An Post New Ross,Post office,New Ross County Wexford ¬∑ (051) 421 261,Wexford
Post Office,Post office,Ballycogley County Wexford ¬∑ (053) 913 5266,Wexford
Ferns Post Office,Post office,Ferns County Wexford ¬∑ (053) 936 6351,Wexford
An Post Wellingtonbridge,Post office,County Wexford ¬∑ (051) 561 131,Wexford
Ballycanew Post Office,Post office,Ballycanew County Wexford ¬∑ (053) 942 7101,Wexford
Post Office,Post office,The Lake County Wexford ¬∑ (053) 913 5140,Wexford
Gorey Post Office,Post office,Gorey County Wexford,Wexford
Post Office Fethard On Sea,Post office,Fethard County Wexford ¬∑ (051) 397 101,Wexford
An Post Murrintown,Post office,Murntown County Wexford ¬∑ (053) 913 9131,Wexford
Post office collection,Post office,Gorey County Wexford,Wexford
An Post Ramsgrange,Post office,Wexford ¬∑ (051) 389 140,Wexford
An Post Killinick,Post office,Wexford ¬∑ (053) 915 8151,Wexford
Bree Post Office,Post office,Bree County Wexford ¬∑ (053) 924 7848,Wexford
Post Office,Post office,Campile County Wexford ¬∑ (051) 388 101,Wexford
An Post Delivery Service Unit (Sorting Office),Post office,New Ross County Wexford ¬∑ (051) 448 660,Wexford
An Post Taghmon,Post office,Taghmon County Wexford ¬∑ (053) 913 4101,Wexford
An Post Adamstown,Post office,Adamstown County Wexford ¬∑ (053) 924 0900,Wexford
An Post Rosslare,Post office,Rosslare County Wexford ¬∑ (053) 913 2101,Wexford
An Post Duncannon,Post office,Wexford ¬∑ (051) 389 101,Wexford
Newbawn post office,Post office,co wexfird ¬∑ (051) 428 325,Wexford
An Post Enniscorthy Delivery Services Unit,Post office,Enniscorthy County Wexford ¬∑ (053) 923 3226,Wexford
Post Office,Post office,Wicklow ¬∑ (01) 281 9141,Wicklow
Post Office,Post office,Wicklow ¬∑ (0404) 67471,Wicklow
Little Bray Post Office,Post office,Bray County Wicklow ¬∑ (01) 276 4705,Wicklow
Post Office,Post office,County Wicklow ¬∑ (01) 287 5025,Wicklow
Post Office,Post office,Tinahely County Wicklow ¬∑ (053) 942 9101,Wicklow
Ashford Post Office,Post office,Ashford County Wicklow ¬∑ (0404) 40241,Wicklow
An Post Rathnew,Post office,County Wicklow,Wicklow
Greystones Post Office,Post office,Greystones County Wicklow ¬∑ (01) 287 4055,Wicklow
An Post,Post office,Tinahely County Wicklow ¬∑ (0402) 38181,Wicklow
An Post Dunlavin,Post office,Dunlavin County Wicklow ¬∑ (045) 401 261,Wicklow
Post,Post office,Bray County Wicklow ¬∑ (01) 282 8926,Wicklow
Kilbride Post Office,Post office,Wicklow ¬∑ (0404) 48151,Wicklow
Bray Post Office,Post office,Bray County Wicklow ¬∑ (01) 286 2554,Wicklow
An Post,Post office,County Wicklow ¬∑ (053) 942 9101,Wicklow
Aughrim Post Office,Post office,Aughrim County Wicklow ¬∑ (0402) 36995,Wicklow
Blessington Post Office,Post office,Blessington County Wicklow ¬∑ (045) 865 111,Wicklow
An Post,Post office,Arklow County Wicklow ¬∑ (0402) 32416,Wicklow
An Post Avoca,Post office,Avoca County Wicklow ¬∑ (0402) 35211,Wicklow
Baltinglass Post Office,Post office,Baltinglass County Wicklow ¬∑ (059) 648 1109,Wicklow